study_id,code,level,opt_in,mixed_samples,note
139,targeted_low,school,,,"Rule (Andrew, 2026-09-25): recruitment that focused on, preferentially targeted, or aimed at poor or low-performing districts or schools counts as targeted even without a strict criterion. Low achievement plus poverty is targeted_low (tie-breaker 1). ED software trial: all eight rows take one code."
140,targeted_low,school,,,"Rule (Andrew, 2026-09-25): recruitment that focused on, preferentially targeted, or aimed at poor or low-performing districts or schools counts as targeted even without a strict criterion. Low achievement plus poverty is targeted_low (tie-breaker 1). ED software trial: all eight rows take one code."
141,targeted_low,school,,,"Rule (Andrew, 2026-09-25): recruitment that focused on, preferentially targeted, or aimed at poor or low-performing districts or schools counts as targeted even without a strict criterion. Low achievement plus poverty is targeted_low (tie-breaker 1). ED software trial: all eight rows take one code."
252,targeted_low,school,,,"Rule (Andrew, 2026-09-25): recruitment that focused on, preferentially targeted, or aimed at poor or low-performing districts or schools counts as targeted even without a strict criterion. Low achievement plus poverty is targeted_low (tie-breaker 1). ED software trial: all eight rows take one code."
253,targeted_low,school,,,"Rule (Andrew, 2026-09-25): recruitment that focused on, preferentially targeted, or aimed at poor or low-performing districts or schools counts as targeted even without a strict criterion. Low achievement plus poverty is targeted_low (tie-breaker 1). ED software trial: all eight rows take one code."
254,targeted_low,school,,,"Rule (Andrew, 2026-09-25): recruitment that focused on, preferentially targeted, or aimed at poor or low-performing districts or schools counts as targeted even without a strict criterion. Low achievement plus poverty is targeted_low (tie-breaker 1). ED software trial: all eight rows take one code."
1040,targeted_low,school,,,"Rule (Andrew, 2026-09-25): recruitment that focused on, preferentially targeted, or aimed at poor or low-performing districts or schools counts as targeted even without a strict criterion. Low achievement plus poverty is targeted_low (tie-breaker 1). ED software trial: all eight rows take one code."
1044,targeted_low,school,,,"Rule (Andrew, 2026-09-25): recruitment that focused on, preferentially targeted, or aimed at poor or low-performing districts or schools counts as targeted even without a strict criterion. Low achievement plus poverty is targeted_low (tie-breaker 1). ED software trial: all eight rows take one code."
896,targeted_low,school,,,"Rule (Andrew, 2026-09-25): recruitment that focused on, preferentially targeted, or aimed at poor or low-performing districts or schools counts as targeted even without a strict criterion. Low achievement plus poverty is targeted_low (tie-breaker 1). IPEELL: recruitment preferentially targeted high-FSM, low-KS2 schools; twins take one code."
898,targeted_low,school,,,"Rule (Andrew, 2026-09-25): recruitment that focused on, preferentially targeted, or aimed at poor or low-performing districts or schools counts as targeted even without a strict criterion. Low achievement plus poverty is targeted_low (tie-breaker 1). IPEELL: recruitment preferentially targeted high-FSM, low-KS2 schools; twins take one code."
899,targeted_low,school,,,"Rule (Andrew, 2026-09-25): recruitment that focused on, preferentially targeted, or aimed at poor or low-performing districts or schools counts as targeted even without a strict criterion. Low achievement plus poverty is targeted_low (tie-breaker 1). IPEELL: recruitment preferentially targeted high-FSM, low-KS2 schools; twins take one code."
537,targeted_low,school,,,"Rule (Andrew, 2026-09-25): recruitment that focused on, preferentially targeted, or aimed at poor or low-performing districts or schools counts as targeted even without a strict criterion. Low achievement plus poverty is targeted_low (tie-breaker 1). Confirms coder's value."
762,targeted_other,school,,,"Rule (Andrew, 2026-09-25): recruitment that focused on, preferentially targeted, or aimed at poor or low-performing districts or schools counts as targeted even without a strict criterion. Poverty or need only is targeted_other. Recruitment leaned toward above-average FSM schools."
751,targeted_other,school,,,"Rule (Andrew, 2026-09-25): recruitment that focused on, preferentially targeted, or aimed at poor or low-performing districts or schools counts as targeted even without a strict criterion. Poverty or need only is targeted_other. Confirms coder's value."
888,targeted_other,school,,,"Rule (Andrew, 2026-09-25): recruitment that focused on, preferentially targeted, or aimed at poor or low-performing districts or schools counts as targeted even without a strict criterion. Poverty or need only is targeted_other. Confirms coder's value."
1046,targeted_other,school,,,"Rule (Andrew, 2026-09-25): recruitment that focused on, preferentially targeted, or aimed at poor or low-performing districts or schools counts as targeted even without a strict criterion. Poverty or need only is targeted_other. Confirms coder's value."
170,targeted_other,school,,,"Rule (Andrew, 2026-09-25): schools that enter the sample through Teach For America or Teaching Fellows placement are targeted, since those programs place teachers only in high-need schools. Confirms coder's value."
171,targeted_other,school,,,"Rule (Andrew, 2026-09-25): schools that enter the sample through Teach For America or Teaching Fellows placement are targeted, since those programs place teachers only in high-need schools. Confirms coder's value."
363,targeted_other,school,,,"Rule (Andrew, 2026-09-25): Teach For America is a program targeted to Title I schools, so schools that enter the sample through TFA placement are targeted_other at school level. Applied on the program's placement rule, since no retrieved source describes how the 17 study schools were chosen; WWC reports 95 percent FRL."
825,targeted_other,school,,,"Rule (Andrew, 2026-09-25): lower-track course placement (ninth-grade general mathematics) is targeted_other. Whole classrooms were the selected units, so level = school per the codebook."
650,targeted_other,school,,,"Andrew, 2026-09-25: targeted_other confirmed (Writing Project sites recruited districts with high proportions of English learners). Confirms coder's value."
778,targeted_other,school,,,"Andrew, 2026-09-25: targeted_other. Coded on the recruitment of the study sample (districts with 25 percent or more Spanish-speaking English learners), not on the below-proficiency subgroup in Kraft's row, so level = school."
405,targeted_other,school,,,"Rule (Andrew, 2026-09-25): lottery applicants to a program that serves a needy area or population are targeted_other. Higher Achievement sites its centers in at-risk communities, so the selection is at site level."
203,targeted_other,student,,,"Rule (Andrew, 2026-09-25): lottery applicants to a program that serves a needy area or population are targeted_other. Charlotte voucher program; eligibility runs through family income."
1010,targeted_other,student,,,"Rule (Andrew, 2026-09-25): lottery applicants to a program that serves a needy area or population are targeted_other. DC Opportunity Scholarship Program; eligibility runs through family income."
576,targeted_other,student,,,"Rule (Andrew, 2026-09-25): lottery applicants to a program that serves a needy area or population are targeted_other. Negative income tax experiment; families enrolled on income."
249,targeted_other,school,,,"Andrew, 2026-09-25: Math for All, like Teach For America, is a targeted_other program; study schools are high-need (92 percent free lunch in 250). Twins 249 and 250 take one code, level = school."
250,targeted_other,school,,,"Andrew, 2026-09-25: Math for All, like Teach For America, is a targeted_other program; study schools are high-need (92 percent free lunch in 250). Twins 249 and 250 take one code, level = school."
