study_id,key,code,level,opt_in,mixed_samples,evidence_quote,evidence_location,source_used,coder,date,confidence,resolved_title,notes
89,89-black-2009,targeted_low,student,1,0,"The target population for this study is comprised of students in second through fifth grades who are below grade level in reading or math, but not by more than two years. At the beginning of the study, local staff members ... were asked to identify students in need of supplemental academic support to meet local academic standards.",p. 16 (PDF p. 56),pdf,other,2026-09-18,high,The Evaluation of Enhanced Academic Instruction in After-School Programs: Final Report. NCEE 2009-4077,"Kraft row is the math (Mathletics) after-school sample, grades 2-5. Students were drawn from after-school enrollees, identified by staff as below grade level, and parents had to consent and apply before the lottery, so opt_in = 1. Students with serious learning disabilities or behavior problems were excluded."
108,108-bos-2012,targeted_other,school,0,0,This study targeted middle schools in districts in Southern California in which English language learner students classified as limited English proficient comprised at least 10 percent of the student population.,p. 16 (PDF p. 34),pdf,other,2026-09-18,high,Evaluation of Quality Teaching for English Learners (QTEL) Professional Development. Final Report. NCEE 2012-4005,"School-level selection on English learner concentration (at least 10 percent LEP). Kraft's reading effects (CST-ELA, grades 7-8, n about 8,100 to 18,200) are for all students of exposed teachers, not only English learners; the CELDT sample is LEP students only but is not in Kraft's row."
139,139-campuzano-2009,universal,none,0,0,"It focused on school districts that had low student achievement and large proportions of students in poverty, but these were general guidelines rather than strict eligibility criteria. The study sought districts and schools that did not already use products like those in the study",p. 4 (PDF p. 27),pdf,other,2026-09-18,medium,Effectiveness of Reading and Mathematics Software Products: Findings From Two Student Cohorts. NCEE 2009-4041,"Twin of 140-campuzano-2009 (same report; 139 is the BEE/EEF row for grade 1 and 4 reading products, 140 the ies90 row). Borderline: recruitment focused on low-achieving, high-poverty districts but the report says these were not eligibility criteria; teachers volunteered and all their students were in the sample. Coded universal on the stated absence of a rule; a reviewer could argue targeted_low at the district level."
140,140-campuzano-2009,universal,none,0,0,"It focused on school districts that had low student achievement and large proportions of students in poverty, but these were general guidelines rather than strict eligibility criteria. The study sought districts and schools that did not already use products like those in the study",p. 4 (PDF p. 27),pdf,other,2026-09-18,medium,Effectiveness of Reading and Mathematics Software Products: Findings From Two Student Cohorts. NCEE 2009-4041,"Twin of 139-campuzano-2009 (same report). Kraft lists one reading effect of 0.22 with n = 1,371 and grades 1, 4, 6; the report's reading products are grades 1 and 4 only (grade 6 was math), so the grade span looks off. Same borderline as 139: recruitment focused on low-achieving, high-poverty districts without a stated eligibility rule."
197,197-cordray-2012,universal,none,0,0,"Districts were not eligible if they had previously adopted or used MAP or similar computer-adaptive benchmark testing programs in any of their schools. ... To be eligible, schools needed to have at least one full-time regular classroom teacher who taught reading in a self-contained classroom in grade 4 and one ... in grade 5.",p. 9 (PDF p. 22),pdf,other,2026-09-18,high,The Impact of the Measures of Academic Progress (MAP) Program on Student Reading Achievement. Final Report. NCEE 2013-4000,"Illinois schools eligible only if new to MAP; all grade 4 and 5 students of regular classroom teachers. No need-based rule. The wwc-codes.csv row for 197 is matched to Smith, Cobb, Farran, Cordray, and Munter (2013), a math tutoring study, not this MAP report; that WWC match looks wrong."
484,484-kim-2011,targeted_other,student,0,0,The study examined the impact of the Pathway Project intervention on students who were mainstreamed Latino English language learners (ELLs). One hundred and three English teachers in 15 schools in California were recruited and randomly assigned,p. 1 (WWC single study review),pdf,other,2026-09-18,medium,WWC Review of the Report: A Randomized Experiment of a Cognitive Strategies Approach to Text-Based Analytical Writing for Mainstreamed Latino English Language Learners in Grades 6 to 12,"text/484-kim-2011.txt is the WWC single study review (August 2012) of Kim et al. 2011, not the JREE article, so confidence is medium. Same trial as the codebook's worked example 483-kim-2011 (another batch), which should carry the same code. Kraft's n_max 4,459 and grade span 4-11 do not match the article (2,726 students, grades 6-12); resolution note says 4,459 is the BEE pooled two-cohort figure."
564,564-mastrorilli-2014,universal,none,0,0,"To be eligible to participate, schools had to be part of the NYCDOE public school system and have an existing arts program in at least one arts discipline. ... Two informational meetings in winter 2011 were held to describe the program and to recruit volunteer schools to participate in the study.",p. 7 (PDF p. 8),pdf,other,2026-09-18,high,"Arts Achieve, Impacting Student Success in the Arts: Preliminary Findings After One Year of Implementation","Volunteer NYC schools with existing arts programs; classes chosen by grade (grade 5, 8, and a high school grade) and whole classes were tested. No need-based rule at any level."
622,622-loera-2013,universal,none,0,0,"the students included in the confirmatory analyses had to be enrolled in the participating schools prior to random assignment, which took place in January 2011 (Price, 2014). Specifically, the students in grades 3, 4, and 5 in 2013-14 had to be enrolled in the participating schools in 2010-11",p. 10 (PDF p. 13),pdf,other,2026-09-18,high,"The Beaverton School District Arts for Learning (A4L) Lessons Project, an Investing in Innovation (i3) Development Grant: Student Impact Findings from Years 1, 2, and 3","Twins: 622-loera-2013, 623-nakamoto-2014, and 624-nakamoto-2015 are the same Beaverton A4L trial (identical text files, WestEd report of October 2015 covering years 1 to 3); Kraft's three rows are presumably the year 1, 2, and 3 OAKS reading impacts. 32 elementary schools pair-matched and randomized; all grade 3 to 5 students enrolled before random assignment. Kraft lists first author as Loera for 622, but the report authors are Nakamoto, Sobolew-Shubin, and Orland."
623,623-nakamoto-2014,universal,none,0,0,"the students included in the confirmatory analyses had to be enrolled in the participating schools prior to random assignment, which took place in January 2011 (Price, 2014). Specifically, the students in grades 3, 4, and 5 in 2013-14 had to be enrolled in the participating schools in 2010-11",p. 10 (PDF p. 13),pdf,other,2026-09-18,high,"The Beaverton School District Arts for Learning (A4L) Lessons Project, an Investing in Innovation (i3) Development Grant: Student Impact Findings from Years 1, 2, and 3","Twin of 622-loera-2013 and 624-nakamoto-2015 (same Beaverton A4L trial, identical text files). All grade 3 to 5 students enrolled before random assignment in 32 randomized elementary schools; no need-based rule."
624,624-nakamoto-2015,universal,none,0,0,"the students included in the confirmatory analyses had to be enrolled in the participating schools prior to random assignment, which took place in January 2011 (Price, 2014). Specifically, the students in grades 3, 4, and 5 in 2013-14 had to be enrolled in the participating schools in 2010-11",p. 10 (PDF p. 13),pdf,other,2026-09-18,high,"The Beaverton School District Arts for Learning (A4L) Lessons Project, an Investing in Innovation (i3) Development Grant: Student Impact Findings from Years 1, 2, and 3","Twin of 622-loera-2013 and 623-nakamoto-2014 (same Beaverton A4L trial, identical text files). All grade 3 to 5 students enrolled before random assignment in 32 randomized elementary schools; no need-based rule."
706,706-quint-2015,targeted_other,school,0,0,"Evaluation schools had to meet the same criteria as all SFA schools: At least 40 percent of the students had to be eligible for the free or reduced-price lunch program, 75 percent of the teachers had to vote to adopt SFA, and the school had to be willing to hire and fund the position of an SFA facilitator.",p. 14 (PDF p. 38),pdf,other,2026-09-18,high,Scaling up the Success for All Model of School Reform: Final Report from the Investing in Innovation (i3) Evaluation,"School-level poverty criterion (at least 40 percent FRL) set by the program's own eligibility rule; within schools, all kindergarten students in regular classes were included (p. 14 to 15). Kraft's n 1,625 to 1,659 matches the kindergarten cohort followed to grade 2."
719,719-randel-2011,universal,none,0,0,"Sixty-seven schools from 32 districts in Colorado participated in the study. These schools were not specifically selected using any sampling methodology; rather, they volunteered to participate in the study.",p. 3 (PDF p. 12),pdf,other,2026-09-18,high,Classroom Assessment for Student Learning: Impact on Elementary School Mathematics in the Central Region. Final Report. NCEE 2011-4005,Volunteer Colorado elementary schools randomized; all grade 4 and 5 students in study schools. No need-based rule (tie-breaker 6).
751,751-rockoff-2015,targeted_other,school,0,0,"So1 personnel also endeavored to select schools with a strong need for the program, giving preference to schools serving greater percentages of students eligible for Title I, English as a Second Language (ESL), and special education services.",p. 6 (PDF p. 6),pdf,other,2026-09-18,medium,Evaluation Report on the School of One i3 Expansion,"Borderline. Eight volunteer NYC middle schools were chosen from applicants with a stated preference for high-need (Title I, ESL, special education) schools, then schools or academies were randomized within pairs; all enrolled students are in the analysis sample (p. 9). Coded targeted_other at the school level because need was an explicit selection preference; a reviewer could argue universal since it was a preference, not a rule."
922,922-turner-1985,unclear,unclear,0,0,"Turner (1985) (Milliken Math Sequencing) Randomized quasi-experiment 15 weeks 275 students 3-4 School in suburb of Phoenix, Arizona The CAI and control groups did not differ with respect to CTBS pretest scores CTBS +0.37","p. 82, Slavin and Lake (2007) CAI table (PDF p. 82)",pdf,other,2026-09-18,low,"Effective Programs in Elementary Mathematics: A Best-Evidence Synthesis (Slavin and Lake, 2007), table entry for Turner (1985)","text/922-turner-1985.txt is Slavin and Lake's 2007 BEE synthesis, not Turner's unpublished Arizona State dissertation, which has no online copy. The synthesis table gives design, n, grades, and setting but states no eligibility rule, so the code is unclear. Kraft's n = 275 and grades 3-4 match the table row; Kraft's three effects (0.40, 0.28, 0.37) are not all in the table, which lists only +0.37."
924,924-tuttle-2015,universal,none,1,0,"First, we implement the lottery-based design described above in sufficiently oversubscribed KIPP middle schools. ... Students winning admission to the KIPP school through the lottery form the study's treatment group; those with a poor lottery draw who are not offered admission form the control group.",p. 10 and p. 13 (PDF p. 33 and 35),pdf,other,2026-09-18,high,"Understanding the Effect of KIPP as It Scales: Volume I, Impacts on Achievement and Other Outcomes. Final Report of KIPP's Investing in Innovation Grant Evaluation","Kraft's n = 608 matches the lottery-based middle school sample (15 schools, 608 students, state tests), so the coded sample is consenting lottery applicants to oversubscribed KIPP middle schools: opt_in = 1, no eligibility rule beyond applying. The report also has a matched-student design (37 schools, 36,798 students) and elementary and high school samples, none of which match Kraft's n."
986,986-west-2016,universal,none,0,0,"All schools that expressed interest in participating in the study were determined to be at least minimally ready to implement ANet; none were screened out. ... Within each school in the samples described above, all students in Grades 3 through 8 with either a nonmissing math or reading test score are included in the Year 2 analyses.",p. 10 and p. 17 (PDF p. 27 and 34),pdf,other,2026-09-18,high,Achievement Network's Investing in Innovation Expansion: Impacts on Educator Practice and Student Achievement,"Schools in five districts volunteered in exchange for subsidized ANet services; a readiness screener excluded no one; all grade 3 to 8 students. The report notes the recruited schools served high shares of low-income students but states no such criterion. Kraft's n 13,233 (grades 3-5) and 21,335 (all) match the report. The wwc-codes.csv row for 986 is matched to Snipes et al. (2015), a summer math study, which is the wrong WWC review."
1047,1047-gleason-2010,universal,none,1,0,"Students became eligible for the study when they applied to a participating charter school at the school's entry grade. However, only students who applied during the school's primary application period and participated in the school's admissions lottery were included in the evaluation sample.",p. 8 (PDF p. 38),pdf,other,2026-09-18,high,The Evaluation of Charter School Impacts: Final Report. NCEE 2010-4029,"Lottery applicants to 36 oversubscribed charter middle schools; opt_in = 1. Schools had to be oversubscribed and serve middle grades, with no need-based criterion; the report notes the study schools served relatively advantaged students."
1050,1050-hanson-2012,universal,none,0,0,"To be eligible to participate in the study, an elementary school had to serve students in grades 2-5, to have not implemented LIC in the past, and to have at least half of all teachers of grades 2-5 in each grade agree to participate. All traditional teachers of grades 2-5 and their students were eligible to participate.",p. 14 (PDF p. 31),pdf,other,2026-09-18,high,Lessons in Character Impact Evaluation. Final Report. NCEE 2012-4004,Fifty volunteer California elementary schools recruited by mass mailing; primary analytic sample is all grade 4 and 5 students in traditional classrooms. No need-based rule (tie-breaker 6).
1071,1071-wilkerson-2012,targeted_low,school,0,0,The study's target population was low- to moderate-performing public elementary schools ... Low- to moderate-performing schools were defined as schools that did not make adequate yearly progress (AYP) for any of the three school years prior to the 2008/09 school year or that were at risk of not making AYP.,p. 23 (PDF p. 44),pdf,other,2026-09-18,high,A Study of the Effectiveness of a School Improvement Intervention (Success in Sight). Final Report. NCEE 2012-4014,"School-level selection on performance (missed AYP in any of three prior years, or at risk of missing it per school staff); all grade 3 to 5 students in the 52 Minnesota and Missouri schools. The wwc-codes.csv row for 1071 is matched to Ukrainetz et al. (2011), a preschool phonemic awareness study, which is the wrong WWC review."
1073,1073-wolf-2010,targeted_other,student,1,0,"The purpose of the new scholarship program was to provide low-income residents, particularly those whose children attend schools in need of improvement (SINI) or corrective action under the Elementary and Secondary Education Act, with “expanded opportunities to attend higher performing schools in the District of Columbia”",p. 1 (PDF p. 17); income cutoff of 185 percent of poverty on PDF p. 34,pdf,other,2026-09-18,high,Evaluation of the DC Opportunity Scholarship Program: Final Report. NCEE 2010-4018,"Sample is 2,308 income-eligible applicants (family income at or below 185 percent of the federal poverty line) entered in scholarship lotteries in cohorts 1 and 2; Kraft's n = 2,300 matches. Individual income eligibility plus application makes this targeted_other with opt_in = 1. Lottery priority went to students from SINI schools (a school-performance criterion), but SINI status was a priority rule, not an eligibility rule; SINI subgroup effects are reported separately and are not Kraft's row."
505,505-konstantopoulos-2013,unclear,unclear,0,0,We use high-quality data from a large-scale school-level cluster randomized experiment to examine the impact of two well-known commercial interim assessment programs on mathematics and reading achievement in Indiana.,abstract,abstract,other,2026-09-18,low,The Impact of Indiana's System of Interim Assessments on Mathematics and Reading Achievement,"Abstract only (Educational Evaluation and Policy Analysis, paywalled); it names the design and state but no school or student eligibility rule, and no WWC sample text exists for this study. Kraft's n 11,623 to 20,000 could not be checked."
599,599-meyers-2015,unclear,unclear,0,0,"This evaluation included 60 high-poverty rural schools across Missouri that were randomly assigned to two treatment conditions and a control condition, with approximately 200 teachers and 3,000 students in the 2011-2012 baseline academic year.",abstract,abstract,other,2026-09-18,low,Impact Results of the eMINTS Professional Development Validation Study,"Abstract only. The abstract describes the sample as high-poverty rural schools but does not say whether schools were selected on poverty or rurality, so per the codebook this is unclear rather than a guess; if the full report confirms a poverty or rural eligibility rule for the i3 validation grant, the code becomes targeted_other with level = school. Kraft's n 1,931 to 3,295 is consistent with the 3,000 baseline students."
954,954-vaughn-2013,universal,none,0,1,"Teachers taught multiple sections of ELA or reading; sections were randomly assigned to a treatment or comparison condition, and any extra classes were assigned to the treatment condition. There were 26 CSR and 22 comparison classes.",abstract,abstract,other,2026-09-18,medium,"Collaborative Strategic Reading: Findings From Experienced Implementers (Journal of Research on Educational Effectiveness, 2013)","recoded after re-retrieval 2026-09-18: the abstract (ERIC EJ998840, DOI 10.1080/19345747.2012.741661) is Vaughn, Roberts, Klingner, Swanson, Boardman, Stillman-Spisak, Mohammed, and Leroux 2013, the CSR experienced-implementer trial that carries Kraft's n_max 472 and three of the four effects. Whole English/Language Arts or Reading class sections of 12 teachers in Texas and Colorado middle schools were randomized; no student-level rule is stated. The Reading sections might be remedial classes, but the abstract does not say so, hence medium. mixed_samples 1 because Kraft's study 954 also folds in one Fryer row (n 419, grade 8, GMRT 0.195) from a different trial, Vaughn, Swanson, Roberts, Wanzek, Stillman-Spisak, Solis, and Simmons 2013, Reading Research Quarterly 48(1). Neither article has an open full text."
1030,1030-ysseldyke-2007,unclear,unclear,0,0,"Classrooms were randomly assigned to within-school experimental and control groups. Participating students were pre- and post-tested using two standardized, nationally normed tests of math achievement.",abstract,abstract,other,2026-09-18,low,Effect of Technology-Enhanced Continuous Progress Monitoring on Math Achievement,"Abstract only (School Psychology Review, paywalled); no eligibility rule stated. The wwc-codes.csv row for 1030 is the WWC review of Ysseldyke and Tardrew (2007), a related Accelerated Math paper; its sample text (47 schools in 24 states, grades 3-6, 17 percent FRL) gives demographics only, so it does not settle the code either. Kraft's n 823 to 1,880 could not be checked."
1046,1046-glazerman-2010,targeted_other,school,0,0,"districts had to meet criteria for size, poverty, and need for induction: at least 570 teachers in elementary schools, at least 10 elementary schools with 50 percent or more students eligible for free or reduced-price meals under the federal National School Lunch Program, and no existing comprehensive induction program offered in study schools.","PDF p. 26, Executive Summary, Study Design (printed p. xxv)",pdf,other,2026-09-18,medium,"Impacts of Comprehensive Teacher Induction: Final Results from a Randomized Controlled Study (NCEE 2010-4027, June 2010)","recoded after re-retrieval 2026-09-18: first page names Glazerman, Isenberg, Dolfin, Bleeker, Johnson, Grider, and Jacobus (Mathematica, NCEE 2010-4027, June 2010), the report Kraft's ies90 row cites. Seventeen districts in 13 states were chosen from 98 that met size and poverty targets; within districts, all or a district-chosen subset of elementary schools with eligible beginning teachers (new to the profession, grades K-6) were randomized, and the students of those teachers form the test-score sample. Coded targeted_other at the school level because the poverty criterion (at least 10 schools with 50 percent or more NSLP) was part of district selection. Confidence medium rather than high because the criterion operated on the district pool, not on each study school (study schools averaged about 59 percent NSLP, Table II), so a reviewer could read the sample as universal. Kraft's grade 4 rows (n 614 and 741) are the by-grade test-score subsamples of the K-6 sample."
