universe,measure,weighting,percentile,value,n_districts,students,mean,max
all_lea,total,district,5,71,17865,49413521,2766,419929
all_lea,total,district,10,129,17865,49413521,2766,419929
all_lea,total,district,25,302,17865,49413521,2766,419929
all_lea,total,district,50,754,17865,49413521,2766,419929
all_lea,total,district,75,2085,17865,49413521,2766,419929
all_lea,total,district,90,5472,17865,49413521,2766,419929
all_lea,total,district,95,10258,17865,49413521,2766,419929
all_lea,total,district,99,34607,17865,49413521,2766,419929
all_lea,total,student,5,664,17865,49413521,2766,419929
all_lea,total,student,10,1175,17865,49413521,2766,419929
all_lea,total,student,25,3277,17865,49413521,2766,419929
all_lea,total,student,50,10740,17865,49413521,2766,419929
all_lea,total,student,75,35671,17865,49413521,2766,419929
all_lea,total,student,90,94785,17865,49413521,2766,419929
all_lea,total,student,95,182214,17865,49413521,2766,419929
all_lea,total,student,99,335500,17865,49413521,2766,419929
all_lea,grade4,district,5,8,15633,3589522,230,33186
all_lea,grade4,district,10,13,15633,3589522,230,33186
all_lea,grade4,district,25,30,15633,3589522,230,33186
all_lea,grade4,district,50,71,15633,3589522,230,33186
all_lea,grade4,district,75,177,15633,3589522,230,33186
all_lea,grade4,district,90,453,15633,3589522,230,33186
all_lea,grade4,district,95,838,15633,3589522,230,33186
all_lea,grade4,district,99,2774,15633,3589522,230,33186
all_lea,grade4,student,5,57,15633,3589522,230,33186
all_lea,grade4,student,10,92,15633,3589522,230,33186
all_lea,grade4,student,25,248,15633,3589522,230,33186
all_lea,grade4,student,50,815,15633,3589522,230,33186
all_lea,grade4,student,75,2629,15633,3589522,230,33186
all_lea,grade4,student,90,7180,15633,3589522,230,33186
all_lea,grade4,student,95,13842,15633,3589522,230,33186
all_lea,grade4,student,99,24361,15633,3589522,230,33186
all_lea,k5,district,5,43,15936,21328793,1338,206341
all_lea,k5,district,10,76,15936,21328793,1338,206341
all_lea,k5,district,25,172,15936,21328793,1338,206341
all_lea,k5,district,50,415,15936,21328793,1338,206341
all_lea,k5,district,75,1027,15936,21328793,1338,206341
all_lea,k5,district,90,2632,15936,21328793,1338,206341
all_lea,k5,district,95,4880,15936,21328793,1338,206341
all_lea,k5,district,99,15973,15936,21328793,1338,206341
all_lea,k5,student,5,331,15936,21328793,1338,206341
all_lea,k5,student,10,535,15936,21328793,1338,206341
all_lea,k5,student,25,1456,15936,21328793,1338,206341
all_lea,k5,student,50,4731,15936,21328793,1338,206341
all_lea,k5,student,75,15688,15936,21328793,1338,206341
all_lea,k5,student,90,41707,15936,21328793,1338,206341
all_lea,k5,student,95,78462,15936,21328793,1338,206341
all_lea,k5,student,99,140996,15936,21328793,1338,206341
regular,total,district,5,81,13223,46314433,3503,419929
regular,total,district,10,157,13223,46314433,3503,419929
regular,total,district,25,402,13223,46314433,3503,419929
regular,total,district,50,1085,13223,46314433,3503,419929
regular,total,district,75,2900,13223,46314433,3503,419929
regular,total,district,90,7068,13223,46314433,3503,419929
regular,total,district,95,12872,13223,46314433,3503,419929
regular,total,district,99,41661,13223,46314433,3503,419929
regular,total,student,5,906,13223,46314433,3503,419929
regular,total,student,10,1544,13223,46314433,3503,419929
regular,total,student,25,3831,13223,46314433,3503,419929
regular,total,student,50,12042,13223,46314433,3503,419929
regular,total,student,75,38268,13223,46314433,3503,419929
regular,total,student,90,100064,13223,46314433,3503,419929
regular,total,student,95,184109,13223,46314433,3503,419929
regular,total,student,99,335500,13223,46314433,3503,419929
regular,grade4,district,5,8,12655,3371620,266,33186
regular,grade4,district,10,14,12655,3371620,266,33186
regular,grade4,district,25,32,12655,3371620,266,33186
regular,grade4,district,50,83,12655,3371620,266,33186
regular,grade4,district,75,218,12655,3371620,266,33186
regular,grade4,district,90,545,12655,3371620,266,33186
regular,grade4,district,95,990,12655,3371620,266,33186
regular,grade4,district,99,3097,12655,3371620,266,33186
regular,grade4,student,5,68,12655,3371620,266,33186
regular,grade4,student,10,115,12655,3371620,266,33186
regular,grade4,student,25,290,12655,3371620,266,33186
regular,grade4,student,50,898,12655,3371620,266,33186
regular,grade4,student,75,2861,12655,3371620,266,33186
regular,grade4,student,90,7710,12655,3371620,266,33186
regular,grade4,student,95,13842,12655,3371620,266,33186
regular,grade4,student,99,24361,12655,3371620,266,33186
regular,k5,district,5,48,12729,19990138,1570,206341
regular,k5,district,10,81,12729,19990138,1570,206341
regular,k5,district,25,188,12729,19990138,1570,206341
regular,k5,district,50,488,12729,19990138,1570,206341
regular,k5,district,75,1294,12729,19990138,1570,206341
regular,k5,district,90,3203,12729,19990138,1570,206341
regular,k5,district,95,5830,12729,19990138,1570,206341
regular,k5,district,99,17655,12729,19990138,1570,206341
regular,k5,student,5,399,12729,19990138,1570,206341
regular,k5,student,10,679,12729,19990138,1570,206341
regular,k5,student,25,1703,12729,19990138,1570,206341
regular,k5,student,50,5313,12729,19990138,1570,206341
regular,k5,student,75,16732,12729,19990138,1570,206341
regular,k5,student,90,44890,12729,19990138,1570,206341
regular,k5,student,95,82826,12729,19990138,1570,206341
regular,k5,student,99,206341,12729,19990138,1570,206341
regular_charter,total,district,5,78,17431,49185200,2822,419929
regular_charter,total,district,10,138,17431,49185200,2822,419929
regular_charter,total,district,25,312,17431,49185200,2822,419929
regular_charter,total,district,50,772,17431,49185200,2822,419929
regular_charter,total,district,75,2131,17431,49185200,2822,419929
regular_charter,total,district,90,5587,17431,49185200,2822,419929
regular_charter,total,district,95,10448,17431,49185200,2822,419929
regular_charter,total,district,99,34930,17431,49185200,2822,419929
regular_charter,total,student,5,674,17431,49185200,2822,419929
regular_charter,total,student,10,1191,17431,49185200,2822,419929
regular_charter,total,student,25,3322,17431,49185200,2822,419929
regular_charter,total,student,50,11001,17431,49185200,2822,419929
regular_charter,total,student,75,35851,17431,49185200,2822,419929
regular_charter,total,student,90,94785,17431,49185200,2822,419929
regular_charter,total,student,95,182214,17431,49185200,2822,419929
regular_charter,total,student,99,335500,17431,49185200,2822,419929
regular_charter,grade4,district,5,8,15462,3585081,232,33186
regular_charter,grade4,district,10,14,15462,3585081,232,33186
regular_charter,grade4,district,25,31,15462,3585081,232,33186
regular_charter,grade4,district,50,72,15462,3585081,232,33186
regular_charter,grade4,district,75,179,15462,3585081,232,33186
regular_charter,grade4,district,90,456,15462,3585081,232,33186
regular_charter,grade4,district,95,847,15462,3585081,232,33186
regular_charter,grade4,district,99,2784,15462,3585081,232,33186
regular_charter,grade4,student,5,57,15462,3585081,232,33186
regular_charter,grade4,student,10,92,15462,3585081,232,33186
regular_charter,grade4,student,25,249,15462,3585081,232,33186
regular_charter,grade4,student,50,815,15462,3585081,232,33186
regular_charter,grade4,student,75,2682,15462,3585081,232,33186
regular_charter,grade4,student,90,7180,15462,3585081,232,33186
regular_charter,grade4,student,95,13842,15462,3585081,232,33186
regular_charter,grade4,student,99,24361,15462,3585081,232,33186
regular_charter,k5,district,5,47,15754,21303363,1352,206341
regular_charter,k5,district,10,80,15754,21303363,1352,206341
regular_charter,k5,district,25,177,15754,21303363,1352,206341
regular_charter,k5,district,50,420,15754,21303363,1352,206341
regular_charter,k5,district,75,1038,15754,21303363,1352,206341
regular_charter,k5,district,90,2659,15754,21303363,1352,206341
regular_charter,k5,district,95,4924,15754,21303363,1352,206341
regular_charter,k5,district,99,16187,15754,21303363,1352,206341
regular_charter,k5,student,5,332,15754,21303363,1352,206341
regular_charter,k5,student,10,538,15754,21303363,1352,206341
regular_charter,k5,student,25,1460,15754,21303363,1352,206341
regular_charter,k5,student,50,4743,15754,21303363,1352,206341
regular_charter,k5,student,75,15740,15754,21303363,1352,206341
regular_charter,k5,student,90,41707,15754,21303363,1352,206341
regular_charter,k5,student,95,82826,15754,21303363,1352,206341
regular_charter,k5,student,99,140996,15754,21303363,1352,206341
