universe,measure,bin,n_districts,students,share_districts,share_students,cum_share_districts,cum_share_students
all_lea,total,100 or fewer,1332,68857,0.0746,0.0014,0.0746,0.0014
all_lea,total,101 to 250,2411,421328,0.135,0.0085,0.2095,0.0099
all_lea,total,251 to 500,3111,1148157,0.1741,0.0232,0.3837,0.0332
all_lea,total,"501 to 2,000",6392,6615923,0.3578,0.1339,0.7414,0.167
all_lea,total,"More than 2,000",4619,41159256,0.2586,0.833,1,1
all_lea,grade4,100 or fewer,9574,400343,0.6124,0.1115,0.6124,0.1115
all_lea,grade4,101 to 250,3189,504336,0.204,0.1405,0.8164,0.252
all_lea,grade4,251 to 500,1453,505980,0.0929,0.141,0.9094,0.393
all_lea,grade4,"501 to 2,000",1161,1067590,0.0743,0.2974,0.9836,0.6904
all_lea,grade4,"More than 2,000",256,1111273,0.0164,0.3096,1,1
all_lea,k5,100 or fewer,2236,121558,0.1403,0.0057,0.1403,0.0057
all_lea,k5,101 to 250,3232,544135,0.2028,0.0255,0.3431,0.0312
all_lea,k5,251 to 500,3515,1277383,0.2206,0.0599,0.5637,0.0911
all_lea,k5,"501 to 2,000",4824,4771779,0.3027,0.2237,0.8664,0.3148
all_lea,k5,"More than 2,000",2129,14613938,0.1336,0.6852,1,1
regular,total,100 or fewer,821,40438,0.0621,9e-04,0.0621,9e-04
regular,total,101 to 250,1364,239095,0.1032,0.0052,0.1652,0.006
regular,total,251 to 500,1749,644887,0.1323,0.0139,0.2975,0.02
regular,total,"501 to 2,000",4859,5300651,0.3675,0.1144,0.665,0.1344
regular,total,"More than 2,000",4430,40089362,0.335,0.8656,1,1
regular,grade4,100 or fewer,7023,287251,0.555,0.0852,0.555,0.0852
regular,grade4,101 to 250,2837,455264,0.2242,0.135,0.7791,0.2202
regular,grade4,251 to 500,1411,491264,0.1115,0.1457,0.8906,0.3659
regular,grade4,"501 to 2,000",1132,1043562,0.0895,0.3095,0.9801,0.6754
regular,grade4,"More than 2,000",252,1094279,0.0199,0.3246,1,1
regular,k5,100 or fewer,1674,93306,0.1315,0.0047,0.1315,0.0047
regular,k5,101 to 250,2343,392863,0.1841,0.0197,0.3156,0.0243
regular,k5,251 to 500,2436,885093,0.1914,0.0443,0.507,0.0686
regular,k5,"501 to 2,000",4203,4309174,0.3302,0.2156,0.8371,0.2842
regular,k5,"More than 2,000",2073,14309702,0.1629,0.7158,1,1
regular_charter,total,100 or fewer,1181,63854,0.0678,0.0013,0.0678,0.0013
regular_charter,total,101 to 250,2326,407772,0.1334,0.0083,0.2012,0.0096
regular_charter,total,251 to 500,3036,1120702,0.1742,0.0228,0.3754,0.0324
regular_charter,total,"501 to 2,000",6290,6521042,0.3609,0.1326,0.7362,0.165
regular_charter,total,"More than 2,000",4598,41071830,0.2638,0.835,1,1
regular_charter,grade4,100 or fewer,9412,398150,0.6087,0.1111,0.6087,0.1111
regular_charter,grade4,101 to 250,3182,503119,0.2058,0.1403,0.8145,0.2514
regular_charter,grade4,251 to 500,1452,505539,0.0939,0.141,0.9084,0.3924
regular_charter,grade4,"501 to 2,000",1160,1067000,0.075,0.2976,0.9834,0.69
regular_charter,grade4,"More than 2,000",256,1111273,0.0166,0.31,1,1
regular_charter,k5,100 or fewer,2101,117627,0.1334,0.0055,0.1334,0.0055
regular_charter,k5,101 to 250,3206,540209,0.2035,0.0254,0.3369,0.0309
regular_charter,k5,251 to 500,3505,1273919,0.2225,0.0598,0.5594,0.0907
regular_charter,k5,"501 to 2,000",4815,4763500,0.3056,0.2236,0.865,0.3143
regular_charter,k5,"More than 2,000",2127,14608108,0.135,0.6857,1,1
