"cell","ref","cmp","rule","budget","res_p10","res_p90","gap_remaining","gap_remaining_tracked"
"Math G8",2013,2024,"Proportional (untargeted)",0.05,17.7944392283686,2.03488147251664,15.759557755852,15.727001190185
"Math G8",2013,2024,"Proportional (untargeted)",0.13,17.399129307666,1.54974222233562,15.8493870853303,15.727001190185
"Math G8",2013,2024,"Proportional (untargeted)",0.187,17.1044003821293,1.19873764185655,15.9056627402727,15.727001190185
"Math G8",2013,2024,"Proportional (untargeted)",0.28,16.6191444412617,0.623806198314924,15.9953382429468,15.727001190185
"Math G8",2013,2024,"Proportional (untargeted)",0.5,15.4289184210846,-0.68692667848768,16.1158450995723,15.727001190185
"Math G8",2013,2024,"Proportional (untargeted)",1,12.4073378913232,-3.31966329886188,15.727001190185,15.727001190185
"Math G8",2013,2024,"Eligibility screen (ECONDIS)",0.05,17.660975188579,2.19437080339168,15.4666043851874,15.427712176951
"Math G8",2013,2024,"Eligibility screen (ECONDIS)",0.13,17.0575541808195,1.96780944670854,15.089744734111,14.9488497557764
"Math G8",2013,2024,"Eligibility screen (ECONDIS)",0.187,16.5946348351543,1.80555317249201,14.7890816626623,14.6076602806896
"Math G8",2013,2024,"Eligibility screen (ECONDIS)",0.28,15.845900299962,1.54074154899945,14.3051587509626,14.0509827160742
"Math G8",2013,2024,"Eligibility screen (ECONDIS)",0.5,14.223175682291,0.997585889516017,13.225589792775,12.9150708070473
"Math G8",2013,2024,"Eligibility screen (ECONDIS)",1,14.223175682291,0.997585889516017,13.225589792775,12.9150708070473
"Reading G4",2005,2019,"Proportional (untargeted)",0.05,2.27289909624434,-3.12841960191338,5.40131869815772,5.36599960327098
"Reading G4",2005,2019,"Proportional (untargeted)",0.13,1.84586908627119,-3.61082041489595,5.45668950116715,5.36599960327098
"Reading G4",2005,2019,"Proportional (untargeted)",0.187,1.54100755281382,-3.95405155531085,5.49505910812468,5.36599960327098
"Reading G4",2005,2019,"Proportional (untargeted)",0.28,1.05698110852202,-4.49619300013762,5.55317410865965,5.36599960327098
"Reading G4",2005,2019,"Proportional (untargeted)",0.5,-0.110406808348102,-5.77596797874941,5.6655611704013,5.36599960327098
"Reading G4",2005,2019,"Proportional (untargeted)",1,-3.05582101819641,-8.42182062146742,5.36599960327101,5.36599960327098
"Reading G4",2005,2019,"Eligibility screen (ECONDIS)",0.05,2.14880333143381,-2.98516079798884,5.13396412942265,5.08942380317419
"Reading G4",2005,2019,"Eligibility screen (ECONDIS)",0.13,1.50434182274012,-3.2404513891949,4.74479321193502,4.64690252301933
"Reading G4",2005,2019,"Eligibility screen (ECONDIS)",0.187,1.06149448174196,-3.42381173931528,4.48530622105724,4.33160611090899
"Reading G4",2005,2019,"Eligibility screen (ECONDIS)",0.28,0.338717778361399,-3.70396276431649,4.04268054267789,3.81717512272897
"Reading G4",2005,2019,"Eligibility screen (ECONDIS)",0.5,-1.47011874104481,-4.36708775902099,2.89696901797618,2.6002416023031
"Reading G4",2005,2019,"Eligibility screen (ECONDIS)",1,-1.55512404490554,-4.39228462163686,2.83716057673132,2.54749380930043
"Math G12",2005,2015,"Proportional (untargeted)",0.05,-2.35976726517129,-2.30739993770683,-0.0523673274644523,-0.0839992523189892
"Math G12",2005,2015,"Proportional (untargeted)",0.13,-2.75627095686913,-2.75268804462894,-0.00358291224019069,-0.0839992523189892
"Math G12",2005,2015,"Proportional (untargeted)",0.187,-3.04814192302813,-3.06702631885642,0.0188843958282945,-0.0839992523189892
"Math G12",2005,2015,"Proportional (untargeted)",0.28,-3.51356937223109,-3.57294167708028,0.059372304849191,-0.0839992523189892
"Math G12",2005,2015,"Proportional (untargeted)",0.5,-4.60961677009327,-4.76043734554648,0.15082057545321,-0.0839992523189892
"Math G12",2005,2015,"Proportional (untargeted)",1,-7.36962574197025,-7.28562648965126,-0.0839992523189892,-0.0839992523189892
"Math G12",2005,2015,"Eligibility screen (ECONDIS)",0.05,-2.49800438642397,-2.15089045943699,-0.347113926986978,-0.377931113599672
"Math G12",2005,2015,"Eligibility screen (ECONDIS)",0.13,-3.12543690256486,-2.3569099828193,-0.768526919745554,-0.848222091648764
"Math G12",2005,2015,"Eligibility screen (ECONDIS)",0.187,-3.56457735210678,-2.50116544651738,-1.0634119055894,-1.18330441350874
"Math G12",2005,2015,"Eligibility screen (ECONDIS)",0.28,-4.27827520614616,-2.73159083009742,-1.54668437604874,-1.73001767549081
"Math G12",2005,2015,"Eligibility screen (ECONDIS)",0.5,-5.21873459231105,-3.02208068437659,-2.19665390793446,-2.4498950481524
"Math G12",2005,2015,"Eligibility screen (ECONDIS)",1,-5.21873459231105,-3.02208068437659,-2.19665390793446,-2.4498950481524
