grade,subject,size_bin,k,studies,mean,weighted_mean,share_below_005,p10,p25,p50,p75,p90,thin
4,Reading,251 to 500,64,37,0.143,0.134,0.344,-0.03,0.03,0.12,0.212,0.32,FALSE
4,Reading,"501 to 2,000",104,48,0.083,0.069,0.385,-0.012,0.019,0.08,0.134,0.178,FALSE
4,Reading,"More than 2,000",65,49,0.018,0.017,0.708,-0.05,-0.01,0.02,0.052,0.11,FALSE
4,Reading,All sizes,335,161,0.124,0.029,0.436,-0.05,0.008,0.076,0.17,0.36,FALSE
4,Math,251 to 500,43,27,0.412,0.339,0.302,0.002,0.035,0.13,0.382,1.086,FALSE
4,Math,"501 to 2,000",85,45,0.065,0.064,0.424,-0.056,-0.006,0.061,0.13,0.218,FALSE
4,Math,"More than 2,000",72,49,0.036,0.033,0.583,-0.059,-0.022,0.01,0.091,0.14,FALSE
4,Math,All sizes,350,153,0.268,0.05,0.394,-0.1,-0.002,0.09,0.34,1.06,FALSE
8,Reading,251 to 500,50,17,0.15,0.138,0.22,-0.012,0.077,0.15,0.207,0.351,FALSE
8,Reading,"501 to 2,000",109,37,0.084,0.079,0.339,-0.014,0.026,0.07,0.13,0.2,FALSE
8,Reading,"More than 2,000",64,44,0.037,0.018,0.656,-0.052,-0.003,0.03,0.07,0.127,FALSE
8,Reading,All sizes,290,108,0.115,0.031,0.383,-0.04,0.011,0.071,0.168,0.33,FALSE
8,Math,251 to 500,14,6,0.426,0.406,0.286,0.038,0.098,0.395,0.69,0.935,TRUE
8,Math,"501 to 2,000",66,31,0.142,0.153,0.288,-0.05,0.03,0.12,0.205,0.316,FALSE
8,Math,"More than 2,000",63,39,0.025,0.017,0.587,-0.08,-0.024,0.029,0.081,0.135,FALSE
8,Math,All sizes,168,84,0.135,0.033,0.405,-0.063,0,0.071,0.198,0.413,FALSE
3 to 5,Reading,251 to 500,109,57,0.143,0.143,0.339,-0.09,0.03,0.12,0.21,0.336,FALSE
3 to 5,Reading,"501 to 2,000",164,80,0.077,0.065,0.402,-0.04,0.01,0.07,0.13,0.186,FALSE
3 to 5,Reading,"More than 2,000",118,72,0.01,0.012,0.763,-0.076,-0.02,0.005,0.045,0.11,FALSE
3 to 5,Reading,All sizes,575,272,0.12,0.026,0.443,-0.06,0,0.07,0.18,0.36,FALSE
3 to 5,Math,251 to 500,53,33,0.388,0.329,0.245,0.01,0.05,0.2,0.395,1.062,FALSE
3 to 5,Math,"501 to 2,000",108,62,0.072,0.067,0.417,-0.054,-0.007,0.064,0.131,0.222,FALSE
3 to 5,Math,"More than 2,000",82,56,0.034,0.032,0.61,-0.078,-0.029,0.01,0.09,0.14,FALSE
3 to 5,Math,All sizes,488,213,0.272,0.052,0.363,-0.093,0,0.105,0.412,0.923,FALSE
