cell,grade,subject,size_bin,percentile,g_star,k,studies,share_effects_below,share_studies_below,share_effects_below_lo,share_effects_below_hi
Reading G4,4,Reading,251 to 500,10,0.259,64,37,0.844,0.879,0.781,0.859
Reading G4,4,Reading,251 to 500,25,0.216,64,37,0.75,0.784,0.688,0.844
Reading G4,4,Reading,251 to 500,50,0.146,64,37,0.578,0.591,0.516,0.672
Reading G4,4,Reading,251 to 500,75,0.082,64,37,0.406,0.434,0.375,0.453
Reading G4,4,Reading,251 to 500,90,0.034,64,37,0.281,0.272,0.156,0.391
Reading G4,4,Reading,"501 to 2,000",10,0.259,104,48,0.942,0.942,0.942,0.971
Reading G4,4,Reading,"501 to 2,000",25,0.216,104,48,0.923,0.917,0.913,0.942
Reading G4,4,Reading,"501 to 2,000",50,0.146,104,48,0.798,0.794,0.702,0.885
Reading G4,4,Reading,"501 to 2,000",75,0.082,104,48,0.519,0.607,0.404,0.625
Reading G4,4,Reading,"501 to 2,000",90,0.034,104,48,0.317,0.39,0.183,0.413
Reading G4,4,Reading,"More than 2,000",10,0.259,65,49,0.985,0.99,0.985,1
Reading G4,4,Reading,"More than 2,000",25,0.216,65,49,0.985,0.99,0.954,0.985
Reading G4,4,Reading,"More than 2,000",50,0.146,65,49,0.954,0.959,0.923,0.954
Reading G4,4,Reading,"More than 2,000",75,0.082,65,49,0.815,0.827,0.769,0.877
Reading G4,4,Reading,"More than 2,000",90,0.034,65,49,0.615,0.585,0.431,0.785
Reading G4,4,Reading,All sizes,10,0.259,335,161,0.836,0.848,0.815,0.86
Reading G4,4,Reading,All sizes,25,0.216,335,161,0.797,0.81,0.77,0.833
Reading G4,4,Reading,All sizes,50,0.146,335,161,0.696,0.717,0.642,0.755
Reading G4,4,Reading,All sizes,75,0.082,335,161,0.522,0.577,0.46,0.591
Reading G4,4,Reading,All sizes,90,0.034,335,161,0.379,0.389,0.245,0.472
Math G4,4,Math,251 to 500,10,0.251,43,27,0.628,0.79,0.628,0.674
Math G4,4,Math,251 to 500,25,0.163,43,27,0.535,0.667,0.512,0.558
Math G4,4,Math,251 to 500,50,0.066,43,27,0.349,0.414,0.302,0.372
Math G4,4,Math,251 to 500,75,0.017,43,27,0.209,0.253,0.093,0.302
Math G4,4,Math,251 to 500,90,0.003,43,27,0.116,0.167,0.093,0.256
Math G4,4,Math,"501 to 2,000",10,0.251,85,45,0.929,0.934,0.894,0.953
Math G4,4,Math,"501 to 2,000",25,0.163,85,45,0.847,0.86,0.753,0.882
Math G4,4,Math,"501 to 2,000",50,0.066,85,45,0.506,0.52,0.424,0.553
Math G4,4,Math,"501 to 2,000",75,0.017,85,45,0.341,0.346,0.212,0.424
Math G4,4,Math,"501 to 2,000",90,0.003,85,45,0.282,0.254,0.165,0.412
Math G4,4,Math,"More than 2,000",10,0.251,72,49,0.972,0.98,0.958,0.972
Math G4,4,Math,"More than 2,000",25,0.163,72,49,0.917,0.918,0.875,0.931
Math G4,4,Math,"More than 2,000",50,0.066,72,49,0.681,0.673,0.569,0.722
Math G4,4,Math,"More than 2,000",75,0.017,72,49,0.514,0.51,0.264,0.583
Math G4,4,Math,"More than 2,000",90,0.003,72,49,0.417,0.447,0.236,0.569
Math G4,4,Math,All sizes,10,0.251,350,153,0.7,0.818,0.686,0.72
Math G4,4,Math,All sizes,25,0.163,350,153,0.637,0.73,0.597,0.657
Math G4,4,Math,All sizes,50,0.066,350,153,0.451,0.502,0.391,0.483
Math G4,4,Math,All sizes,75,0.017,350,153,0.326,0.34,0.217,0.394
Math G4,4,Math,All sizes,90,0.003,350,153,0.271,0.271,0.2,0.38
Reading G8,8,Reading,251 to 500,10,0.236,50,17,0.84,0.859,0.7,0.84
Reading G8,8,Reading,251 to 500,25,0.191,50,17,0.7,0.757,0.54,0.84
Reading G8,8,Reading,251 to 500,50,0.13,50,17,0.48,0.561,0.42,0.54
Reading G8,8,Reading,251 to 500,75,0.085,50,17,0.3,0.386,0.22,0.46
Reading G8,8,Reading,251 to 500,90,0.05,50,17,0.22,0.268,0.14,0.3
Reading G8,8,Reading,"501 to 2,000",10,0.236,109,37,0.927,0.862,0.89,0.936
Reading G8,8,Reading,"501 to 2,000",25,0.191,109,37,0.89,0.837,0.817,0.927
Reading G8,8,Reading,"501 to 2,000",50,0.13,109,37,0.743,0.759,0.67,0.817
Reading G8,8,Reading,"501 to 2,000",75,0.085,109,37,0.596,0.641,0.385,0.697
Reading G8,8,Reading,"501 to 2,000",90,0.05,109,37,0.339,0.416,0.202,0.596
Reading G8,8,Reading,"More than 2,000",10,0.236,64,44,0.984,0.989,0.938,0.984
Reading G8,8,Reading,"More than 2,000",25,0.191,64,44,0.938,0.966,0.938,0.984
Reading G8,8,Reading,"More than 2,000",50,0.13,64,44,0.891,0.915,0.875,0.938
Reading G8,8,Reading,"More than 2,000",75,0.085,64,44,0.812,0.83,0.703,0.875
Reading G8,8,Reading,"More than 2,000",90,0.05,64,44,0.656,0.684,0.453,0.812
Reading G8,8,Reading,All sizes,10,0.236,290,108,0.862,0.874,0.793,0.866
Reading G8,8,Reading,All sizes,25,0.191,290,108,0.793,0.821,0.728,0.859
Reading G8,8,Reading,All sizes,50,0.13,290,108,0.669,0.751,0.607,0.728
Reading G8,8,Reading,All sizes,75,0.085,290,108,0.534,0.653,0.41,0.634
Reading G8,8,Reading,All sizes,90,0.05,290,108,0.383,0.498,0.259,0.534
Math G8,8,Math,251 to 500,10,0.288,14,6,0.429,0.704,0.357,0.429
Math G8,8,Math,251 to 500,25,0.255,14,6,0.357,0.537,0.286,0.429
Math G8,8,Math,251 to 500,50,0.213,14,6,0.286,0.519,0.286,0.286
Math G8,8,Math,251 to 500,75,0.163,14,6,0.286,0.519,0.286,0.286
Math G8,8,Math,251 to 500,90,0.126,14,6,0.286,0.519,0.286,0.286
Math G8,8,Math,"501 to 2,000",10,0.288,66,31,0.879,0.958,0.848,0.894
Math G8,8,Math,"501 to 2,000",25,0.255,66,31,0.848,0.941,0.803,0.879
Math G8,8,Math,"501 to 2,000",50,0.213,66,31,0.758,0.843,0.727,0.818
Math G8,8,Math,"501 to 2,000",75,0.163,66,31,0.652,0.743,0.606,0.742
Math G8,8,Math,"501 to 2,000",90,0.126,66,31,0.515,0.586,0.409,0.652
Math G8,8,Math,"More than 2,000",10,0.288,63,39,0.984,0.987,0.984,0.984
Math G8,8,Math,"More than 2,000",25,0.255,63,39,0.984,0.987,0.968,0.984
Math G8,8,Math,"More than 2,000",50,0.213,63,39,0.968,0.962,0.937,0.968
Math G8,8,Math,"More than 2,000",75,0.163,63,39,0.937,0.923,0.889,0.937
Math G8,8,Math,"More than 2,000",90,0.126,63,39,0.873,0.833,0.794,0.937
Math G8,8,Math,All sizes,10,0.288,168,84,0.845,0.907,0.827,0.863
Math G8,8,Math,All sizes,25,0.255,168,84,0.827,0.898,0.792,0.845
Math G8,8,Math,All sizes,50,0.213,168,84,0.768,0.835,0.738,0.798
Math G8,8,Math,All sizes,75,0.163,168,84,0.696,0.756,0.655,0.744
Math G8,8,Math,All sizes,90,0.126,168,84,0.613,0.664,0.542,0.696
