grade,subject,size_bin,target,k,studies,mean,weighted_mean,share_below_005,p10,p25,p50,p75,p90,thin
4,Reading,251 to 500,universal,14,10,0.146,0.132,0.429,0.02,0.03,0.098,0.166,0.211,FALSE
4,Reading,251 to 500,targeted_low,36,17,0.129,0.122,0.361,-0.04,0.025,0.1,0.21,0.325,FALSE
4,Reading,251 to 500,targeted_other,7,4,0.106,0.113,0.286,-0.078,0.02,0.13,0.185,0.236,TRUE
4,Reading,251 to 500,unclear,7,6,0.244,0.232,0.143,0.112,0.191,0.24,0.24,0.37,TRUE
4,Reading,251 to 500,not_coded,0,0,,,,,,,,,TRUE
4,Reading,251 to 500,pooled,64,37,0.143,0.134,0.344,-0.03,0.03,0.12,0.212,0.32,FALSE
4,Reading,"501 to 2,000",universal,54,24,0.084,0.063,0.426,-0.033,0.012,0.071,0.142,0.21,FALSE
4,Reading,"501 to 2,000",targeted_low,27,10,0.083,0.083,0.259,-0.01,0.045,0.09,0.13,0.152,FALSE
4,Reading,"501 to 2,000",targeted_other,17,11,0.087,0.082,0.412,0.024,0.033,0.075,0.12,0.154,FALSE
4,Reading,"501 to 2,000",unclear,6,3,0.055,0.034,0.5,-0.025,-0.005,0.044,0.11,0.145,TRUE
4,Reading,"501 to 2,000",not_coded,0,0,,,,,,,,,TRUE
4,Reading,"501 to 2,000",pooled,104,48,0.083,0.069,0.385,-0.012,0.019,0.08,0.134,0.178,FALSE
4,Reading,"More than 2,000",universal,32,24,0.034,0.033,0.625,-0.049,-0.017,0.022,0.064,0.126,FALSE
4,Reading,"More than 2,000",targeted_low,15,10,-0.021,0.014,0.667,-0.236,-0.055,0.02,0.079,0.11,FALSE
4,Reading,"More than 2,000",targeted_other,14,12,0.019,-0.01,0.929,-0.016,0,0.008,0.03,0.046,FALSE
4,Reading,"More than 2,000",unclear,4,3,0.034,0.062,0.75,0.009,0.022,0.03,0.042,0.064,TRUE
4,Reading,"More than 2,000",not_coded,0,0,,,,,,,,,TRUE
4,Reading,"More than 2,000",pooled,65,49,0.018,0.017,0.708,-0.05,-0.01,0.02,0.052,0.11,FALSE
4,Reading,All sizes,universal,105,52,0.093,0.039,0.467,-0.033,0.01,0.052,0.132,0.221,FALSE
4,Reading,All sizes,targeted_low,94,33,0.097,0.04,0.372,-0.047,0.01,0.09,0.16,0.308,FALSE
4,Reading,All sizes,targeted_other,39,23,0.058,-0.002,0.59,-0.02,0.005,0.04,0.12,0.161,FALSE
4,Reading,All sizes,unclear,21,11,0.165,0.07,0.381,-0.01,0.03,0.12,0.24,0.566,FALSE
4,Reading,All sizes,not_coded,76,42,0.225,0.184,0.408,-0.108,-0.032,0.13,0.426,0.725,FALSE
4,Reading,All sizes,pooled,335,161,0.124,0.029,0.436,-0.05,0.008,0.076,0.17,0.36,FALSE
4,Math,251 to 500,universal,10,8,0.063,0.056,0.5,-0.042,0.012,0.045,0.122,0.161,TRUE
4,Math,251 to 500,targeted_low,16,7,0.846,0.747,0.125,0.03,0.093,0.605,1.273,2.18,TRUE
4,Math,251 to 500,targeted_other,6,5,0.031,0.04,0.833,-0.047,-0.027,0.02,0.037,0.12,TRUE
4,Math,251 to 500,unclear,11,7,0.306,0.302,0.091,0.106,0.19,0.278,0.382,0.508,TRUE
4,Math,251 to 500,not_coded,0,0,,,,,,,,,TRUE
4,Math,251 to 500,pooled,43,27,0.412,0.339,0.302,0.002,0.035,0.13,0.382,1.086,FALSE
4,Math,"501 to 2,000",universal,44,20,0.065,0.064,0.455,-0.071,-0.007,0.076,0.143,0.224,FALSE
4,Math,"501 to 2,000",targeted_low,10,4,0.05,0.055,0.2,-0.05,0.06,0.09,0.09,0.092,TRUE
4,Math,"501 to 2,000",targeted_other,15,12,0.091,0.084,0.2,0.008,0.057,0.09,0.13,0.166,FALSE
4,Math,"501 to 2,000",unclear,16,9,0.047,0.05,0.688,-0.075,-0.04,0.015,0.062,0.282,TRUE
4,Math,"501 to 2,000",not_coded,0,0,,,,,,,,,TRUE
4,Math,"501 to 2,000",pooled,85,45,0.065,0.064,0.424,-0.056,-0.006,0.061,0.13,0.218,FALSE
4,Math,"More than 2,000",universal,39,28,0.046,0.052,0.564,-0.066,-0.03,0.008,0.096,0.198,FALSE
4,Math,"More than 2,000",targeted_low,14,6,0.015,0.047,0.571,-0.057,0.01,0.015,0.062,0.134,TRUE
4,Math,"More than 2,000",targeted_other,12,10,0.02,-0.022,0.667,-0.028,-0.008,0.001,0.05,0.086,FALSE
4,Math,"More than 2,000",unclear,7,5,0.054,0.085,0.571,-0.032,0.005,0.049,0.104,0.152,TRUE
4,Math,"More than 2,000",not_coded,0,0,,,,,,,,,TRUE
4,Math,"More than 2,000",pooled,72,49,0.036,0.033,0.583,-0.059,-0.022,0.01,0.091,0.14,FALSE
4,Math,All sizes,universal,94,49,0.056,0.054,0.511,-0.075,-0.02,0.04,0.13,0.214,FALSE
4,Math,All sizes,targeted_low,89,15,0.353,0.083,0.393,-0.342,-0.06,0.09,0.823,1.46,FALSE
4,Math,All sizes,targeted_other,36,24,0.061,-0.013,0.472,-0.03,-0.003,0.05,0.101,0.165,FALSE
4,Math,All sizes,unclear,35,20,0.129,0.087,0.486,-0.052,0,0.06,0.208,0.366,FALSE
4,Math,All sizes,not_coded,96,45,0.524,0.605,0.219,-0.055,0.06,0.338,0.782,1.36,FALSE
4,Math,All sizes,pooled,350,153,0.268,0.05,0.394,-0.1,-0.002,0.09,0.34,1.06,FALSE
8,Reading,251 to 500,universal,14,7,0.111,0.106,0.143,0.037,0.083,0.105,0.19,0.218,TRUE
8,Reading,251 to 500,targeted_low,28,7,0.147,0.136,0.286,-0.036,0.027,0.15,0.18,0.339,TRUE
8,Reading,251 to 500,targeted_other,2,2,0.205,0.177,0.5,0.065,0.117,0.205,0.292,0.345,TRUE
8,Reading,251 to 500,unclear,6,1,0.238,0.238,0,0.125,0.157,0.19,0.215,0.4,TRUE
8,Reading,251 to 500,not_coded,0,0,,,,,,,,,TRUE
8,Reading,251 to 500,pooled,50,17,0.15,0.138,0.22,-0.012,0.077,0.15,0.207,0.351,FALSE
8,Reading,"501 to 2,000",universal,48,18,0.052,0.036,0.5,-0.036,-0.001,0.047,0.088,0.135,FALSE
8,Reading,"501 to 2,000",targeted_low,41,6,0.105,0.103,0.122,0.04,0.06,0.09,0.138,0.2,TRUE
8,Reading,"501 to 2,000",targeted_other,19,12,0.127,0.136,0.368,-0.052,0.03,0.08,0.205,0.31,FALSE
8,Reading,"501 to 2,000",unclear,1,1,0.008,0.008,1,0.008,0.008,0.008,0.008,0.008,TRUE
8,Reading,"501 to 2,000",not_coded,0,0,,,,,,,,,TRUE
8,Reading,"501 to 2,000",pooled,109,37,0.084,0.079,0.339,-0.014,0.026,0.07,0.13,0.2,FALSE
8,Reading,"More than 2,000",universal,24,19,0.02,0.023,0.667,-0.052,-0.015,0.032,0.051,0.074,FALSE
8,Reading,"More than 2,000",targeted_low,4,4,0.047,0.044,0.5,0.005,0.027,0.049,0.069,0.087,TRUE
8,Reading,"More than 2,000",targeted_other,25,17,0.068,0.009,0.6,-0.028,0.009,0.026,0.12,0.18,FALSE
8,Reading,"More than 2,000",unclear,11,4,0.003,0.031,0.818,-0.075,-0.048,0.02,0.035,0.07,TRUE
8,Reading,"More than 2,000",not_coded,0,0,,,,,,,,,TRUE
8,Reading,"More than 2,000",pooled,64,44,0.037,0.018,0.656,-0.052,-0.003,0.03,0.07,0.127,FALSE
8,Reading,All sizes,universal,87,39,0.052,0.026,0.494,-0.042,0,0.05,0.097,0.166,FALSE
8,Reading,All sizes,targeted_low,84,13,0.124,0.089,0.202,0.003,0.06,0.1,0.163,0.287,FALSE
8,Reading,All sizes,targeted_other,47,29,0.095,0.019,0.511,-0.04,0.009,0.049,0.19,0.295,FALSE
8,Reading,All sizes,unclear,18,6,0.081,0.035,0.556,-0.064,0.008,0.035,0.137,0.206,TRUE
8,Reading,All sizes,not_coded,54,21,0.233,0.196,0.315,-0.074,0.01,0.155,0.447,0.61,FALSE
8,Reading,All sizes,pooled,290,108,0.115,0.031,0.383,-0.04,0.011,0.071,0.168,0.33,FALSE
8,Math,251 to 500,universal,2,2,0.151,0.116,0.5,0.06,0.094,0.151,0.208,0.242,TRUE
8,Math,251 to 500,targeted_low,2,2,-0.006,0.004,1,-0.049,-0.033,-0.006,0.021,0.037,TRUE
8,Math,251 to 500,targeted_other,10,2,0.567,0.558,0.1,0.229,0.392,0.505,0.857,0.955,TRUE
8,Math,251 to 500,unclear,0,0,,,,,,,,,TRUE
8,Math,251 to 500,not_coded,0,0,,,,,,,,,TRUE
8,Math,251 to 500,pooled,14,6,0.426,0.406,0.286,0.038,0.098,0.395,0.69,0.935,TRUE
8,Math,"501 to 2,000",universal,30,15,0.096,0.095,0.3,-0.042,0.022,0.115,0.175,0.27,FALSE
8,Math,"501 to 2,000",targeted_low,2,2,-0.03,-0.035,1,-0.054,-0.045,-0.03,-0.015,-0.006,TRUE
8,Math,"501 to 2,000",targeted_other,18,9,0.103,0.1,0.278,0.003,0.043,0.119,0.166,0.218,TRUE
8,Math,"501 to 2,000",unclear,16,5,0.295,0.315,0.188,-0.006,0.05,0.179,0.578,0.75,TRUE
8,Math,"501 to 2,000",not_coded,0,0,,,,,,,,,TRUE
8,Math,"501 to 2,000",pooled,66,31,0.142,0.153,0.288,-0.05,0.03,0.12,0.205,0.316,FALSE
8,Math,"More than 2,000",universal,39,24,0.033,0.034,0.615,-0.082,-0.04,0.017,0.09,0.159,FALSE
8,Math,"More than 2,000",targeted_low,1,1,0.12,0.12,0,0.12,0.12,0.12,0.12,0.12,TRUE
8,Math,"More than 2,000",targeted_other,20,11,0.035,-0.013,0.55,-0.03,-0.01,0.042,0.07,0.092,FALSE
8,Math,"More than 2,000",unclear,3,3,-0.165,0.039,0.667,-0.526,-0.311,0.048,0.088,0.111,TRUE
8,Math,"More than 2,000",not_coded,0,0,,,,,,,,,TRUE
8,Math,"More than 2,000",pooled,63,39,0.025,0.017,0.587,-0.08,-0.024,0.029,0.081,0.135,FALSE
8,Math,All sizes,universal,73,37,0.068,0.039,0.466,-0.08,-0.01,0.06,0.15,0.246,FALSE
8,Math,All sizes,targeted_low,5,4,0.01,0.075,0.8,-0.06,-0.06,0,0.048,0.091,TRUE
8,Math,All sizes,targeted_other,48,20,0.171,0.001,0.354,-0.024,0.03,0.076,0.188,0.479,FALSE
8,Math,All sizes,unclear,19,7,0.222,0.159,0.263,-0.076,0.049,0.13,0.53,0.714,TRUE
8,Math,All sizes,not_coded,23,16,0.228,0.335,0.348,-0.138,-0.01,0.17,0.395,0.558,FALSE
8,Math,All sizes,pooled,168,84,0.135,0.033,0.405,-0.063,0,0.071,0.198,0.413,FALSE
3 to 5,Reading,251 to 500,universal,14,10,0.146,0.132,0.429,0.02,0.03,0.098,0.166,0.211,FALSE
3 to 5,Reading,251 to 500,targeted_low,41,17,0.123,0.12,0.366,-0.09,0.01,0.1,0.21,0.32,FALSE
3 to 5,Reading,251 to 500,targeted_other,8,5,0.129,0.129,0.25,-0.076,0.065,0.15,0.223,0.29,TRUE
3 to 5,Reading,251 to 500,unclear,7,6,0.244,0.232,0.143,0.112,0.191,0.24,0.24,0.37,TRUE
3 to 5,Reading,251 to 500,not_coded,39,19,0.147,0.159,0.333,-0.093,0.03,0.11,0.21,0.47,FALSE
3 to 5,Reading,251 to 500,pooled,109,57,0.143,0.143,0.339,-0.09,0.03,0.12,0.21,0.336,FALSE
3 to 5,Reading,"501 to 2,000",universal,57,25,0.08,0.057,0.439,-0.037,0.01,0.069,0.14,0.2,FALSE
3 to 5,Reading,"501 to 2,000",targeted_low,27,10,0.083,0.083,0.259,-0.01,0.045,0.09,0.13,0.152,FALSE
3 to 5,Reading,"501 to 2,000",targeted_other,20,12,0.081,0.079,0.45,0.019,0.032,0.07,0.12,0.151,FALSE
3 to 5,Reading,"501 to 2,000",unclear,6,3,0.055,0.034,0.5,-0.025,-0.005,0.044,0.11,0.145,TRUE
3 to 5,Reading,"501 to 2,000",not_coded,54,30,0.073,0.064,0.407,-0.071,-0.018,0.053,0.13,0.231,FALSE
3 to 5,Reading,"501 to 2,000",pooled,164,80,0.077,0.065,0.402,-0.04,0.01,0.07,0.13,0.186,FALSE
3 to 5,Reading,"More than 2,000",universal,37,26,0.033,0.031,0.649,-0.044,-0.013,0.013,0.06,0.112,FALSE
3 to 5,Reading,"More than 2,000",targeted_low,22,10,-0.064,-0.015,0.773,-0.23,-0.208,-0.021,0.031,0.109,FALSE
3 to 5,Reading,"More than 2,000",targeted_other,14,12,0.019,-0.01,0.929,-0.016,0,0.008,0.03,0.046,FALSE
3 to 5,Reading,"More than 2,000",unclear,4,3,0.034,0.062,0.75,0.009,0.022,0.03,0.042,0.064,TRUE
3 to 5,Reading,"More than 2,000",not_coded,41,21,0.023,0.012,0.805,-0.05,-0.02,0,0.03,0.133,FALSE
3 to 5,Reading,"More than 2,000",pooled,118,72,0.01,0.012,0.763,-0.076,-0.02,0.005,0.045,0.11,FALSE
3 to 5,Reading,All sizes,universal,113,55,0.087,0.036,0.487,-0.034,0.009,0.05,0.13,0.216,FALSE
3 to 5,Reading,All sizes,targeted_low,111,33,0.089,0.018,0.396,-0.1,-0.01,0.09,0.165,0.32,FALSE
3 to 5,Reading,All sizes,targeted_other,44,24,0.065,-0.001,0.568,-0.016,0.009,0.04,0.122,0.184,FALSE
3 to 5,Reading,All sizes,unclear,21,11,0.165,0.07,0.381,-0.01,0.03,0.12,0.24,0.566,FALSE
3 to 5,Reading,All sizes,not_coded,286,149,0.149,0.031,0.43,-0.07,-0.01,0.08,0.22,0.501,FALSE
3 to 5,Reading,All sizes,pooled,575,272,0.12,0.026,0.443,-0.06,0,0.07,0.18,0.36,FALSE
3 to 5,Math,251 to 500,universal,10,8,0.063,0.056,0.5,-0.042,0.012,0.045,0.122,0.161,TRUE
3 to 5,Math,251 to 500,targeted_low,16,7,0.846,0.747,0.125,0.03,0.093,0.605,1.273,2.18,TRUE
3 to 5,Math,251 to 500,targeted_other,7,6,0.065,0.065,0.714,-0.046,-0.015,0.03,0.12,0.228,TRUE
3 to 5,Math,251 to 500,unclear,11,7,0.306,0.302,0.091,0.106,0.19,0.278,0.382,0.508,TRUE
3 to 5,Math,251 to 500,not_coded,9,5,0.289,0.297,0,0.09,0.22,0.24,0.42,0.49,TRUE
3 to 5,Math,251 to 500,pooled,53,33,0.388,0.329,0.245,0.01,0.05,0.2,0.395,1.062,FALSE
3 to 5,Math,"501 to 2,000",universal,46,22,0.066,0.065,0.435,-0.065,-0.005,0.076,0.139,0.223,FALSE
3 to 5,Math,"501 to 2,000",targeted_low,11,5,0.063,0.069,0.182,-0.04,0.06,0.09,0.09,0.11,TRUE
3 to 5,Math,"501 to 2,000",targeted_other,18,13,0.09,0.083,0.222,0.014,0.055,0.09,0.11,0.163,FALSE
3 to 5,Math,"501 to 2,000",unclear,16,9,0.047,0.05,0.688,-0.075,-0.04,0.015,0.062,0.282,TRUE
3 to 5,Math,"501 to 2,000",not_coded,17,13,0.098,0.069,0.471,-0.059,-0.025,0.05,0.144,0.266,FALSE
3 to 5,Math,"501 to 2,000",pooled,108,62,0.072,0.067,0.417,-0.054,-0.007,0.064,0.131,0.222,FALSE
3 to 5,Math,"More than 2,000",universal,40,29,0.045,0.05,0.575,-0.065,-0.03,0.013,0.096,0.197,FALSE
3 to 5,Math,"More than 2,000",targeted_low,15,6,0,0.042,0.6,-0.156,-0.02,0.01,0.058,0.132,TRUE
3 to 5,Math,"More than 2,000",targeted_other,12,10,0.02,-0.022,0.667,-0.028,-0.008,0.001,0.05,0.086,FALSE
3 to 5,Math,"More than 2,000",unclear,7,5,0.054,0.085,0.571,-0.032,0.005,0.049,0.104,0.152,TRUE
3 to 5,Math,"More than 2,000",not_coded,8,6,0.042,0.035,0.75,-0.116,-0.048,-0.018,0.019,0.252,TRUE
3 to 5,Math,"More than 2,000",pooled,82,56,0.034,0.032,0.61,-0.078,-0.029,0.01,0.09,0.14,FALSE
3 to 5,Math,All sizes,universal,97,52,0.057,0.052,0.505,-0.07,-0.02,0.04,0.13,0.209,FALSE
3 to 5,Math,All sizes,targeted_low,91,15,0.345,0.079,0.396,-0.3,-0.09,0.09,0.762,1.4,FALSE
3 to 5,Math,All sizes,targeted_other,41,25,0.069,-0.012,0.439,-0.03,0,0.054,0.106,0.17,FALSE
3 to 5,Math,All sizes,unclear,35,20,0.129,0.087,0.486,-0.052,0,0.06,0.208,0.366,FALSE
3 to 5,Math,All sizes,not_coded,224,101,0.395,0.155,0.254,-0.06,0.038,0.254,0.623,1.08,FALSE
3 to 5,Math,All sizes,pooled,488,213,0.272,0.052,0.363,-0.093,0,0.105,0.412,0.923,FALSE
