"cell","percentile","q2019","d","d_se","g_star","g_star_se","sd2019","sd2024","diff_change","diff_change_se"
"Reading G4",10,168.299001312256,-9.96600112915098,0.740270028219853,0.258709594629359,0.0192168309470518,38.5219618291653,41.2154215408216,8.66049880981501,0.909100440830585
"Reading G4",25,196.978498840332,-8.31299896240202,0.632367429235877,0.215798951238983,0.0164157638710162,38.5219618291653,41.2154215408216,8.66049880981501,0.909100440830585
"Reading G4",50,224.634999084473,-5.61149749755901,0.478281420844964,0.145670086130206,0.0124158116080903,38.5219618291653,41.2154215408216,8.66049880981501,0.909100440830585
"Reading G4",75,247.704000854492,-3.15950164794899,0.453801524864254,0.0820181916476772,0.0117803326548306,38.5219618291653,41.2154215408216,8.66049880981501,0.909100440830585
"Reading G4",90,266.070997619629,-1.30550231933597,0.527696784941639,0.0338898191407159,0.0136985958109256,38.5219618291653,41.2154215408216,8.66049880981501,0.909100440830585
"Reading G8",10,212.907500457764,-8.913500976563,0.834533398043938,0.236116582445949,0.022106596992725,37.750423473978,40.1694144243232,7.04200286865296,1.05914524560355
"Reading G8",25,239.941999053955,-7.21599884033199,0.665061927158467,0.191150142866771,0.0176173368655561,37.750423473978,40.1694144243232,7.04200286865296,1.05914524560355
"Reading G8",50,266.108497619629,-4.90249633789102,0.569688150473927,0.12986599584162,0.015090907546153,37.750423473978,40.1694144243232,7.04200286865296,1.05914524560355
"Reading G8",75,289.358000183106,-3.20599670410201,0.527720948027141,0.0849261123206195,0.0139792060449576,37.750423473978,40.1694144243232,7.04200286865296,1.05914524560355
"Reading G8",90,308.732000732422,-1.87149810791004,0.652182994897787,0.0495755526875108,0.0172761769241436,37.750423473978,40.1694144243232,7.04200286865296,1.05914524560355
"Reading G12",10,228.499499511719,-4.21099853515599,1.25729709119163,0.09955266458583,0.0297238943588241,42.2992046739789,42.8772343595055,1.52999877929702,1.82397622072149
"Reading G12",25,258.080502319336,-2.84350433349601,0.964671990219541,0.067223588609108,0.0228059131998994,42.2992046739789,42.8772343595055,1.52999877929702,1.82397622072149
"Reading G12",50,288.420999145508,-2.239501953125,0.932506525596868,0.0529443040450987,0.0220454860270816,42.2992046739789,42.8772343595055,1.52999877929702,1.82397622072149
"Reading G12",75,315.473501586914,-2.624505615234,1.00113573767469,0.0620462166005809,0.0236679565346663,42.2992046739789,42.8772343595055,1.52999877929702,1.82397622072149
"Reading G12",90,337.648501586914,-2.68099975585898,1.32139822848319,0.0633818005922991,0.0312393161684213,42.2992046739789,42.8772343595055,1.52999877929702,1.82397622072149
"Math G4",10,198.929501342774,-7.96350326538098,0.542098226631795,0.250698483711816,0.0170657559757971,31.7652629863339,34.4639549277723,7.881505584716,0.733477748706905
"Math G4",25,220.472998809814,-5.17899780273399,0.511934347346532,0.163039663954997,0.01611616902296,31.7652629863339,34.4639549277723,7.881505584716,0.733477748706905
"Math G4",50,242.123498535156,-2.08399810790999,0.347356173703024,0.0656061972100332,0.0109350951651955,31.7652629863339,34.4639549277723,7.881505584716,0.733477748706905
"Math G4",75,262.338500976563,-0.542498779297034,0.527058399215099,0.0170783657459543,0.0165922882313882,31.7652629863339,34.4639549277723,7.881505584716,0.733477748706905
"Math G4",90,279.794996643067,-0.0819976806649834,0.494084122929297,0.00258136319224747,0.015554227369119,31.7652629863339,34.4639549277723,7.881505584716,0.733477748706905
"Math G8",10,230.776998901367,-11.438000488281,0.759107947748086,0.287763575143842,0.019098059769092,39.7479093125792,41.9601928841103,6.43950042724501,1.02841952448827
"Math G8",25,254.816000366211,-10.142499542236,0.51187093014209,0.255170642120444,0.0128779334308307,39.7479093125792,41.9601928841103,6.43950042724501,1.02841952448827
"Math G8",50,282.101998901367,-8.44700164794898,0.55491661310433,0.212514363498251,0.0139609006536782,39.7479093125792,41.9601928841103,6.43950042724501,1.02841952448827
"Math G8",75,309.454998779297,-6.466499328613,0.647242142061148,0.162687785104876,0.0162836776387711,39.7479093125792,41.9601928841103,6.43950042724501,1.02841952448827
"Math G8",90,333.275498962403,-4.998500061036,0.693831277771749,0.125755043409393,0.0174557930158145,39.7479093125792,41.9601928841103,6.43950042724501,1.02841952448827
"Math G12",10,104.367500305176,-4.81800117492699,0.783936694340181,0.135366001471497,0.0220253943215822,35.5924022468928,37.0298424167342,4.489000320435,1.29670848737107
"Math G12",25,125.228000259399,-4.93349990844699,0.906919128536189,0.138611040475013,0.0254806945101707,35.5924022468928,37.0298424167342,4.489000320435,1.29670848737107
"Math G12",50,150.285499572754,-4.19599990844699,0.648492964566689,0.11789032612468,0.018219983019643,35.5924022468928,37.0298424167342,4.489000320435,1.29670848737107
"Math G12",75,175.321001434326,-2.89500274658201,1.14573884308118,0.0813376609564121,0.0321905454746651,35.5924022468928,37.0298424167342,4.489000320435,1.29670848737107
"Math G12",90,196.301501464844,-0.329000854491994,1.03290665623141,0.00924356979924601,0.0290204254567163,35.5924022468928,37.0298424167342,4.489000320435,1.29670848737107
