"cell","year","target_pct","group","pop_share","p_below_cut","share_of_tail","reconstructed_mass","cut"
"Reading G4",2019,10,"Economically disadvantaged",0.50953586557179,0.167637351392289,0.828169151081715,0.103139851118898,168.299001312256
"Reading G4",2019,10,"Not economically disadvantaged",0.427433022870834,0.0353508273170249,0.146501190540619,0.103139851118898,168.299001312256
"Reading G4",2019,10,"Information not available",0.0630311115573761,0.0414477411141147,0.0253296583776658,0.103139851118898,168.299001312256
"Reading G4",2024,10,"Economically disadvantaged",0.498628149241799,0.160372501773577,0.779729661749793,0.102556370074705,158.333000183105
"Reading G4",2024,10,"Not economically disadvantaged",0.41308509078577,0.0419426379567795,0.168940051169423,0.102556370074705,158.333000183105
"Reading G4",2024,10,"Information not available",0.0882867599724307,0.0596266973614343,0.051330287080784,0.102556370074705,158.333000183105
"Reading G8",2019,10,"Economically disadvantaged",0.468037066811351,0.171746893839492,0.780679478544822,0.102966601064538,212.907500457764
"Reading G8",2019,10,"Not economically disadvantaged",0.462450845301986,0.0430785332319498,0.193477340239659,0.102966601064538,212.907500457764
"Reading G8",2019,10,"Information not available",0.0695120878866627,0.0382808891425549,0.0258431812155187,0.102966601064538,212.907500457764
"Reading G8",2024,10,"Economically disadvantaged",0.470635422323964,0.166307165787184,0.753573212565825,0.103865214289203,203.993999481201
"Reading G8",2024,10,"Not economically disadvantaged",0.439013374138688,0.0519549035606202,0.219600928677514,0.103865214289203,203.993999481201
"Reading G8",2024,10,"Information not available",0.0903512035373476,0.0308382562618632,0.026825858756661,0.103865214289203,203.993999481201
"Reading G12",2019,10,"Economically disadvantaged",0.396158117794484,0.162115874430969,0.615552219275022,0.10433480323541,228.499499511719
"Reading G12",2019,10,"Not economically disadvantaged",0.536945179957494,0.0691219594003964,0.355726965291904,0.10433480323541,228.499499511719
"Reading G12",2019,10,"Information not available",0.0668967022480226,0.0447941456943634,0.0287208154330746,0.10433480323541,228.499499511719
"Reading G12",2024,10,"Economically disadvantaged",0.413676618413949,0.158150532390562,0.632050997243893,0.10350933346356,224.288500976563
"Reading G12",2024,10,"Not economically disadvantaged",0.499079282353593,0.0694460622037575,0.334840247996921,0.10350933346356,224.288500976563
"Reading G12",2024,10,"Information not available",0.0872440992324584,0.0392813401374068,0.0331087547591867,0.10350933346356,224.288500976563
"Math G4",2019,10,"Economically disadvantaged",0.504673050694042,0.169035461472547,0.826629672996444,0.10319934645897,198.929501342774
"Math G4",2019,10,"Not economically disadvantaged",0.432077869497876,0.0336233298091194,0.140775084415139,0.10319934645897,198.929501342774
"Math G4",2019,10,"Information not available",0.0632490798080818,0.053183504692924,0.0325952425884171,0.10319934645897,198.929501342774
"Math G4",2024,10,"Economically disadvantaged",0.495673557615679,0.16338677579827,0.784031802810911,0.103294922651009,190.965998077393
"Math G4",2024,10,"Not economically disadvantaged",0.412350000199492,0.0386213364024655,0.1541751294695,0.103294922651009,190.965998077393
"Math G4",2024,10,"Information not available",0.0919764421848292,0.0693972282341258,0.0617930677195888,0.103294922651009,190.965998077393
"Math G8",2019,10,"Economically disadvantaged",0.467179205937209,0.174622988779654,0.775729550991065,0.105165813436184,230.776998901367
"Math G8",2019,10,"Not economically disadvantaged",0.462761813717765,0.0435286780848148,0.191539525641466,0.105165813436184,230.776998901367
"Math G8",2019,10,"Information not available",0.070058980345026,0.0491325189648105,0.032730923367469,0.105165813436184,230.776998901367
"Math G8",2024,10,"Economically disadvantaged",0.46976839422743,0.169775954943185,0.763102318116824,0.104514657914954,219.338998413086
"Math G8",2024,10,"Not economically disadvantaged",0.439684843920936,0.0508770974772528,0.214035898023404,0.104514657914954,219.338998413086
"Math G8",2024,10,"Information not available",0.0905467618516339,0.0263884811623055,0.0228617838597711,0.104514657914954,219.338998413086
"Math G12",2019,10,"Economically disadvantaged",0.405532812299916,0.177538229420392,0.68125960536782,0.105683027292844,104.367500305176
"Math G12",2019,10,"Not economically disadvantaged",0.529942750027543,0.0571106497484857,0.286378764488909,0.105683027292844,104.367500305176
"Math G12",2019,10,"Information not available",0.0645244376725413,0.0530043370393852,0.0323616301432705,0.105683027292844,104.367500305176
"Math G12",2024,10,"Economically disadvantaged",0.41729691353962,0.176265644065283,0.696438486130124,0.105616089139813,99.549499130249
"Math G12",2024,10,"Not economically disadvantaged",0.496823908600379,0.0579887662664313,0.272782354904882,0.105616089139813,99.549499130249
"Math G12",2024,10,"Information not available",0.0858791778600008,0.0378528821292932,0.0307791589649934,0.105616089139813,99.549499130249
"Reading G4",2019,25,"Economically disadvantaged",0.50953586557179,0.376713692526263,0.733676887900187,0.261626256135015,196.978498840332
"Reading G4",2019,25,"Not economically disadvantaged",0.427433022870834,0.13948703904204,0.227887550851444,0.261626256135015,196.978498840332
"Reading G4",2019,25,"Information not available",0.0630311115573761,0.159536326480698,0.038435561248369,0.261626256135015,196.978498840332
"Reading G4",2024,25,"Economically disadvantaged",0.498628149241799,0.36593521524571,0.696788951872193,0.261866378090674,188.66549987793
"Reading G4",2024,25,"Not economically disadvantaged",0.41308509078577,0.151602824795428,0.23914817587737,0.261866378090674,188.66549987793
"Reading G4",2024,25,"Information not available",0.0882867599724307,0.190016173790338,0.0640628722504362,0.261866378090674,188.66549987793
"Reading G8",2019,25,"Economically disadvantaged",0.468037066811351,0.379703095910272,0.677233762740398,0.262413265620302,239.941999053955
"Reading G8",2019,25,"Not economically disadvantaged",0.462450845301986,0.160567718668357,0.282968458362299,0.262413265620302,239.941999053955
"Reading G8",2019,25,"Information not available",0.0695120878866627,0.150239554621119,0.039797778897304,0.262413265620302,239.941999053955
"Reading G8",2024,25,"Economically disadvantaged",0.470635422323964,0.368981424645697,0.663081619670228,0.261891935270638,232.726000213623
"Reading G8",2024,25,"Not economically disadvantaged",0.439013374138688,0.172138174983699,0.288557801291493,0.261891935270638,232.726000213623
"Reading G8",2024,25,"Information not available",0.0903512035373476,0.140177940517508,0.0483605790382791,0.261891935270638,232.726000213623
"Reading G12",2019,25,"Economically disadvantaged",0.396158117794484,0.366421910029224,0.555751234774434,0.26119782577677,258.080502319336
"Reading G12",2019,25,"Not economically disadvantaged",0.536945179957494,0.196872697321607,0.40471181403482,0.26119782577677,258.080502319336
"Reading G12",2019,25,"Information not available",0.0668967022480226,0.154371820162035,0.0395369511907453,0.26119782577677,258.080502319336
"Reading G12",2024,25,"Economically disadvantaged",0.413676618413949,0.359812793967639,0.568921635460596,0.261628545291836,255.23699798584
"Reading G12",2024,25,"Not economically disadvantaged",0.499079282353593,0.200523449190718,0.382515978925536,0.261628545291836,255.23699798584
"Reading G12",2024,25,"Information not available",0.0872440992324584,0.145629405493712,0.0485623856138674,0.261628545291836,255.23699798584
"Math G4",2019,25,"Economically disadvantaged",0.504673050694042,0.377898082143568,0.73418669895098,0.259763597242118,220.472998809814
"Math G4",2019,25,"Not economically disadvantaged",0.432077869497876,0.132750983500221,0.220811394412054,0.259763597242118,220.472998809814
"Math G4",2019,25,"Information not available",0.0632490798080818,0.184822564790554,0.0450019066369657,0.259763597242118,220.472998809814
"Math G4",2024,25,"Economically disadvantaged",0.495673557615679,0.368854971087837,0.702496030240039,0.260260055421045,215.29400100708
"Math G4",2024,25,"Not economically disadvantaged",0.412350000199492,0.138504539080329,0.2194433818321,0.260260055421045,215.29400100708
"Math G4",2024,25,"Information not available",0.0919764421848292,0.220883222461233,0.0780605879278606,0.260260055421045,215.29400100708
"Math G8",2019,25,"Economically disadvantaged",0.467179205937209,0.384666007548376,0.695287964634999,0.258465512274223,254.816000366211
"Math G8",2019,25,"Not economically disadvantaged",0.462761813717765,0.145673863242573,0.260817393284892,0.258465512274223,254.816000366211
"Math G8",2019,25,"Information not available",0.070058980345026,0.161938570836404,0.0438946420801097,0.258465512274223,254.816000366211
"Math G8",2024,25,"Economically disadvantaged",0.46976839422743,0.380636929177117,0.693053349213627,0.258004956192885,244.673500823975
"Math G8",2024,25,"Not economically disadvantaged",0.439684843920936,0.156882687569671,0.267355096645504,0.258004956192885,244.673500823975
"Math G8",2024,25,"Information not available",0.0905467618516339,0.112812617291169,0.0395915541408684,0.258004956192885,244.673500823975
"Math G12",2019,25,"Economically disadvantaged",0.405532812299916,0.387384974511656,0.609318329834451,0.257824704205314,125.228000259399
"Math G12",2019,25,"Not economically disadvantaged",0.529942750027543,0.170962719729588,0.351403307626945,0.257824704205314,125.228000259399
"Math G12",2019,25,"Information not available",0.0645244376725413,0.156947236868274,0.0392783625386034,0.257824704205314,125.228000259399
"Math G12",2024,25,"Economically disadvantaged",0.41729691353962,0.384654390792492,0.626664896274346,0.256141824779824,120.294500350952
"Math G12",2024,25,"Not economically disadvantaged",0.496823908600379,0.170470490232723,0.330652033619445,0.256141824779824,120.294500350952
"Math G12",2024,25,"Information not available",0.0858791778600008,0.127305823561007,0.0426830701062093,0.256141824779824,120.294500350952
