"cell","year","bin","lo","hi","pct"
"Reading G4",2019,1,0,10,0.000160637127441078
"Reading G4",2019,2,10,20,0.000544423080321848
"Reading G4",2019,3,20,30,0.00193076323052275
"Reading G4",2019,4,30,40,0.00276121995180757
"Reading G4",2019,5,40,50,0.00653200441010729
"Reading G4",2019,6,50,60,0.0124885519644949
"Reading G4",2019,7,60,70,0.0259097668991011
"Reading G4",2019,8,70,80,0.051263930253723
"Reading G4",2019,9,80,90,0.101399327604675
"Reading G4",2019,10,90,100,0.174645573406979
"Reading G4",2019,11,100,110,0.300088427887616
"Reading G4",2019,12,110,120,0.512074284859352
"Reading G4",2019,13,120,130,0.803174365284987
"Reading G4",2019,14,130,140,1.20488318348908
"Reading G4",2019,15,140,150,1.72786729142667
"Reading G4",2019,16,150,160,2.40704205123156
"Reading G4",2019,17,160,170,3.29515157925086
"Reading G4",2019,18,170,180,4.30815895732282
"Reading G4",2019,19,180,190,5.47863512816368
"Reading G4",2019,20,190,200,6.78840035705005
"Reading G4",2019,21,200,210,8.24700093666926
"Reading G4",2019,22,210,220,9.67742206970522
"Reading G4",2019,23,220,230,10.7353860278553
"Reading G4",2019,24,230,240,10.9989230162825
"Reading G4",2019,25,240,250,10.4026013989467
"Reading G4",2019,26,250,260,8.64573264588071
"Reading G4",2019,27,260,270,6.22653501952381
"Reading G4",2019,28,270,280,3.96451234422381
"Reading G4",2019,29,280,290,2.18413803796006
"Reading G4",2019,30,290,300,1.03642657448229
"Reading G4",2019,31,300,310,0.436864704210058
"Reading G4",2019,32,310,320,0.162668788170479
"Reading G4",2019,33,320,330,0.0578198836429449
"Reading G4",2019,34,330,340,0.0168592047005353
"Reading G4",2019,35,340,350,0.00349955734632525
"Reading G4",2019,36,350,360,0.000422618072859776
"Reading G4",2019,37,360,370,7.53484313248454e-05
"Reading G4",2019,38,370,380,0
"Reading G4",2019,39,380,390,0
"Reading G4",2019,40,390,400,0
"Reading G4",2019,41,400,410,0
"Reading G4",2019,42,410,420,0
"Reading G4",2019,43,420,430,0
"Reading G4",2019,44,430,440,0
"Reading G4",2019,45,440,450,0
"Reading G4",2019,46,450,460,0
"Reading G4",2019,47,460,470,0
"Reading G4",2019,48,470,480,0
"Reading G4",2019,49,480,490,0
"Reading G4",2019,50,490,500,0
"Reading G4",2024,1,0,10,8.119666856462e-06
"Reading G4",2024,2,10,20,0.000116979840755236
"Reading G4",2024,3,20,30,0.00144211968503445
"Reading G4",2024,4,30,40,0.00314354386308594
"Reading G4",2024,5,40,50,0.00674319143436145
"Reading G4",2024,6,50,60,0.0146112722328668
"Reading G4",2024,7,60,70,0.0326532572488132
"Reading G4",2024,8,70,80,0.0728344655824526
"Reading G4",2024,9,80,90,0.127593964494026
"Reading G4",2024,10,90,100,0.258094252762368
"Reading G4",2024,11,100,110,0.46469496093714
"Reading G4",2024,12,110,120,0.782141105087966
"Reading G4",2024,13,120,130,1.21670267234069
"Reading G4",2024,14,130,140,1.78391048041083
"Reading G4",2024,15,140,150,2.50769761049663
"Reading G4",2024,16,150,160,3.33146325376959
"Reading G4",2024,17,160,170,4.16417375583826
"Reading G4",2024,18,170,180,5.03986654358277
"Reading G4",2024,19,180,190,6.05443502359159
"Reading G4",2024,20,190,200,7.24528399445633
"Reading G4",2024,21,200,210,8.40735543295773
"Reading G4",2024,22,210,220,9.43387208059374
"Reading G4",2024,23,220,230,9.9278213415026
"Reading G4",2024,24,230,240,9.87549078902012
"Reading G4",2024,25,240,250,8.96502797672263
"Reading G4",2024,26,250,260,7.41551987207152
"Reading G4",2024,27,260,270,5.4633460979782
"Reading G4",2024,28,270,280,3.53782826434277
"Reading G4",2024,29,280,290,2.02253602593542
"Reading G4",2024,30,290,300,1.04314094997492
"Reading G4",2024,31,300,310,0.479421057278703
"Reading G4",2024,32,310,320,0.20890399371093
"Reading G4",2024,33,320,330,0.0733455389498427
"Reading G4",2024,34,330,340,0.0270732754567903
"Reading G4",2024,35,340,350,0.00805781763948755
"Reading G4",2024,36,350,360,0.00309654393634353
"Reading G4",2024,37,360,370,0.000380211362336777
"Reading G4",2024,38,370,380,0.000128446343162018
"Reading G4",2024,39,380,390,4.37169003219917e-05
"Reading G4",2024,40,390,400,0
"Reading G4",2024,41,400,410,0
"Reading G4",2024,42,410,420,0
"Reading G4",2024,43,420,430,0
"Reading G4",2024,44,430,440,0
"Reading G4",2024,45,440,450,0
"Reading G4",2024,46,450,460,0
"Reading G4",2024,47,460,470,0
"Reading G4",2024,48,470,480,0
"Reading G4",2024,49,480,490,0
"Reading G4",2024,50,490,500,0
"Reading G8",2019,1,0,10,0
"Reading G8",2019,2,10,20,0
"Reading G8",2019,3,20,30,0
"Reading G8",2019,4,30,40,2.87739012654908e-05
"Reading G8",2019,5,40,50,1.43869506327454e-05
"Reading G8",2019,6,50,60,0.000282269669455313
"Reading G8",2019,7,60,70,0.000490570551678488
"Reading G8",2019,8,70,80,0.00137288032167188
"Reading G8",2019,9,80,90,0.0036029246407601
"Reading G8",2019,10,90,100,0.00652114418041451
"Reading G8",2019,11,100,110,0.0129701355723318
"Reading G8",2019,12,110,120,0.0324428880133124
"Reading G8",2019,13,120,130,0.0560324352520982
"Reading G8",2019,14,130,140,0.116123124775624
"Reading G8",2019,15,140,150,0.215895001304662
"Reading G8",2019,16,150,160,0.371950188013495
"Reading G8",2019,17,160,170,0.618338103381233
"Reading G8",2019,18,170,180,0.981781035151638
"Reading G8",2019,19,180,190,1.46345451297204
"Reading G8",2019,20,190,200,2.1325231189576
"Reading G8",2019,21,200,210,2.95009682463337
"Reading G8",2019,22,210,220,3.97738046543219
"Reading G8",2019,23,220,230,5.29464932470019
"Reading G8",2019,24,230,240,6.80479019869021
"Reading G8",2019,25,240,250,8.455204261851
"Reading G8",2019,26,250,260,9.90742079143441
"Reading G8",2019,27,260,270,10.8823813022728
"Reading G8",2019,28,270,280,11.0512260697847
"Reading G8",2019,29,280,290,10.265324427898
"Reading G8",2019,30,290,300,8.61737700686912
"Reading G8",2019,31,300,310,6.47590630128026
"Reading G8",2019,32,310,320,4.28424108556151
"Reading G8",2019,33,320,330,2.56441749604532
"Reading G8",2019,34,330,340,1.378058240978
"Reading G8",2019,35,340,350,0.648354747355048
"Reading G8",2019,36,350,360,0.275356138128324
"Reading G8",2019,37,360,370,0.10305419333583
"Reading G8",2019,38,370,380,0.038010036094768
"Reading G8",2019,39,380,390,0.00941388158949103
"Reading G8",2019,40,390,400,0.00272414578349907
"Reading G8",2019,41,400,410,0.000735727207475868
"Reading G8",2019,42,410,420,3.69487340572202e-05
"Reading G8",2019,43,420,430,0
"Reading G8",2019,44,430,440,1.68907304901082e-05
"Reading G8",2019,45,440,450,0
"Reading G8",2019,46,450,460,0
"Reading G8",2019,47,460,470,0
"Reading G8",2019,48,470,480,0
"Reading G8",2019,49,480,490,0
"Reading G8",2019,50,490,500,0
"Reading G8",2024,1,0,10,0
"Reading G8",2024,2,10,20,0
"Reading G8",2024,3,20,30,0
"Reading G8",2024,4,30,40,0
"Reading G8",2024,5,40,50,0
"Reading G8",2024,6,50,60,1.57280825041702e-05
"Reading G8",2024,7,60,70,0.000335345731413494
"Reading G8",2024,8,70,80,0.0029096082127838
"Reading G8",2024,9,80,90,0.00369935928479729
"Reading G8",2024,10,90,100,0.0109868436306202
"Reading G8",2024,11,100,110,0.022472577854403
"Reading G8",2024,12,110,120,0.0479806894151047
"Reading G8",2024,13,120,130,0.101004569876902
"Reading G8",2024,14,130,140,0.190646407656911
"Reading G8",2024,15,140,150,0.364617058603559
"Reading G8",2024,16,150,160,0.605464620425173
"Reading G8",2024,17,160,170,0.980163587874969
"Reading G8",2024,18,170,180,1.43656336356787
"Reading G8",2024,19,180,190,2.04704621251793
"Reading G8",2024,20,190,200,2.79788018945291
"Reading G8",2024,21,200,210,3.74013986372864
"Reading G8",2024,22,210,220,4.77175005398019
"Reading G8",2024,23,220,230,5.95998592662889
"Reading G8",2024,24,230,240,7.38457150083266
"Reading G8",2024,25,240,250,8.60674153143307
"Reading G8",2024,26,250,260,9.70113357760601
"Reading G8",2024,27,260,270,10.2657341724591
"Reading G8",2024,28,270,280,10.1542025672204
"Reading G8",2024,29,280,290,9.18151680110164
"Reading G8",2024,30,290,300,7.53538700376139
"Reading G8",2024,31,300,310,5.64738956504336
"Reading G8",2024,32,310,320,3.77743495566599
"Reading G8",2024,33,320,330,2.29191659835524
"Reading G8",2024,34,330,340,1.28104962807453
"Reading G8",2024,35,340,350,0.625176407655449
"Reading G8",2024,36,350,360,0.279993591463946
"Reading G8",2024,37,360,370,0.117011761097337
"Reading G8",2024,38,370,380,0.0482120208621347
"Reading G8",2024,39,380,390,0.0123334847464388
"Reading G8",2024,40,390,400,0.00500681286742976
"Reading G8",2024,41,400,410,0.00115546253608152
"Reading G8",2024,42,410,420,0.000177123624665489
"Reading G8",2024,43,420,430,0.000193427067527429
"Reading G8",2024,44,430,440,0
"Reading G8",2024,45,440,450,0
"Reading G8",2024,46,450,460,0
"Reading G8",2024,47,460,470,0
"Reading G8",2024,48,470,480,0
"Reading G8",2024,49,480,490,0
"Reading G8",2024,50,490,500,0
"Reading G12",2019,1,0,10,0
"Reading G12",2019,2,10,20,0
"Reading G12",2019,3,20,30,0
"Reading G12",2019,4,30,40,0
"Reading G12",2019,5,40,50,0
"Reading G12",2019,6,50,60,0
"Reading G12",2019,7,60,70,0.00016603182836436
"Reading G12",2019,8,70,80,0.000280480813610269
"Reading G12",2019,9,80,90,0.00117387547579058
"Reading G12",2019,10,90,100,0.00145356006317986
"Reading G12",2019,11,100,110,0.00371880778597015
"Reading G12",2019,12,110,120,0.00760738931325577
"Reading G12",2019,13,120,130,0.0173194374867735
"Reading G12",2019,14,130,140,0.0311556174408542
"Reading G12",2019,15,140,150,0.0717629614488354
"Reading G12",2019,16,150,160,0.145703572154034
"Reading G12",2019,17,160,170,0.277055993712063
"Reading G12",2019,18,170,180,0.465537478217155
"Reading G12",2019,19,180,190,0.77501344885408
"Reading G12",2019,20,190,200,1.22636212436323
"Reading G12",2019,21,200,210,1.78241347754676
"Reading G12",2019,22,210,220,2.50838243696905
"Reading G12",2019,23,220,230,3.23394020799895
"Reading G12",2019,24,230,240,4.18681641579968
"Reading G12",2019,25,240,250,5.19607068044821
"Reading G12",2019,26,250,260,6.37737693027591
"Reading G12",2019,27,260,270,7.4873409361774
"Reading G12",2019,28,270,280,8.51108836155211
"Reading G12",2019,29,280,290,9.12927134710092
"Reading G12",2019,30,290,300,9.55994822135075
"Reading G12",2019,31,300,310,9.25761809908835
"Reading G12",2019,32,310,320,8.39832000687767
"Reading G12",2019,33,320,330,7.02957314112047
"Reading G12",2019,34,330,340,5.48328004972059
"Reading G12",2019,35,340,350,3.7875944717063
"Reading G12",2019,36,350,360,2.39882059686585
"Reading G12",2019,37,360,370,1.37471377213765
"Reading G12",2019,38,370,380,0.743410024831608
"Reading G12",2019,39,380,390,0.328554598359077
"Reading G12",2019,40,390,400,0.13666974099521
"Reading G12",2019,41,400,410,0.0447205500144873
"Reading G12",2019,42,410,420,0.0131137170499874
"Reading G12",2019,43,420,430,0.00431435141121619
"Reading G12",2019,44,430,440,0.00174228712051409
"Reading G12",2019,45,440,450,0.000594798524059277
"Reading G12",2019,46,450,460,0
"Reading G12",2019,47,460,470,0
"Reading G12",2019,48,470,480,0
"Reading G12",2019,49,480,490,0
"Reading G12",2019,50,490,500,0
"Reading G12",2024,1,0,10,0
"Reading G12",2024,2,10,20,0
"Reading G12",2024,3,20,30,0
"Reading G12",2024,4,30,40,0
"Reading G12",2024,5,40,50,0
"Reading G12",2024,6,50,60,0
"Reading G12",2024,7,60,70,0
"Reading G12",2024,8,70,80,0.00037046411482641
"Reading G12",2024,9,80,90,0.000530462380884854
"Reading G12",2024,10,90,100,0.00179423072708865
"Reading G12",2024,11,100,110,0.00379836792005034
"Reading G12",2024,12,110,120,0.00783206431493749
"Reading G12",2024,13,120,130,0.0229309257539985
"Reading G12",2024,14,130,140,0.0468777682620427
"Reading G12",2024,15,140,150,0.112324000459854
"Reading G12",2024,16,150,160,0.2091703950496
"Reading G12",2024,17,160,170,0.371364735332734
"Reading G12",2024,18,170,180,0.614512578200759
"Reading G12",2024,19,180,190,0.951427501215432
"Reading G12",2024,20,190,200,1.46396159070529
"Reading G12",2024,21,200,210,2.0215544076647
"Reading G12",2024,22,210,220,2.76684689512158
"Reading G12",2024,23,220,230,3.53386163761167
"Reading G12",2024,24,230,240,4.33668693330308
"Reading G12",2024,25,240,250,5.33532176180856
"Reading G12",2024,26,250,260,6.36705577546911
"Reading G12",2024,27,260,270,7.52556352467915
"Reading G12",2024,28,270,280,8.6123024730645
"Reading G12",2024,29,280,290,9.36086320597189
"Reading G12",2024,30,290,300,9.65556304378957
"Reading G12",2024,31,300,310,9.19610765046344
"Reading G12",2024,32,310,320,8.1354253457144
"Reading G12",2024,33,320,330,6.65201715217079
"Reading G12",2024,34,330,340,4.98729764402846
"Reading G12",2024,35,340,350,3.41385929150323
"Reading G12",2024,36,350,360,2.05073942714067
"Reading G12",2024,37,360,370,1.17175830037623
"Reading G12",2024,38,370,380,0.595369383712788
"Reading G12",2024,39,380,390,0.281692899957473
"Reading G12",2024,40,390,400,0.131031734495643
"Reading G12",2024,41,400,410,0.0466209007872262
"Reading G12",2024,42,410,420,0.0110692867517744
"Reading G12",2024,43,420,430,0.0032420027825101
"Reading G12",2024,44,430,440,0.00109414116128055
"Reading G12",2024,45,440,450,0
"Reading G12",2024,46,450,460,0.000160096032782048
"Reading G12",2024,47,460,470,0
"Reading G12",2024,48,470,480,0
"Reading G12",2024,49,480,490,0
"Reading G12",2024,50,490,500,0
"Math G4",2019,1,0,10,0
"Math G4",2019,2,10,20,0
"Math G4",2019,3,20,30,0
"Math G4",2019,4,30,40,0
"Math G4",2019,5,40,50,0
"Math G4",2019,6,50,60,0
"Math G4",2019,7,60,70,0
"Math G4",2019,8,70,80,0.000965703146734835
"Math G4",2019,9,80,90,0.000990693955721155
"Math G4",2019,10,90,100,0.00423583486557285
"Math G4",2019,11,100,110,0.00902902650078922
"Math G4",2019,12,110,120,0.0249801815248866
"Math G4",2019,13,120,130,0.0599106031296752
"Math G4",2019,14,130,140,0.128315096433191
"Math G4",2019,15,140,150,0.282647444339759
"Math G4",2019,16,150,160,0.550958204204441
"Math G4",2019,17,160,170,0.99302641477974
"Math G4",2019,18,170,180,1.66880335604034
"Math G4",2019,19,180,190,2.70530264923092
"Math G4",2019,20,190,200,4.08152399706808
"Math G4",2019,21,200,210,5.88932170241175
"Math G4",2019,22,210,220,8.15017707082623
"Math G4",2019,23,220,230,10.4464843431473
"Math G4",2019,24,230,240,12.2200989521102
"Math G4",2019,25,240,250,12.9903575668201
"Math G4",2019,26,250,260,12.190238056746
"Math G4",2019,27,260,270,10.2248254300174
"Math G4",2019,28,270,280,7.4950216376015
"Math G4",2019,29,280,290,4.8895739812512
"Math G4",2019,30,290,300,2.74725015337889
"Math G4",2019,31,300,310,1.37008776580891
"Math G4",2019,32,310,320,0.574506207158208
"Math G4",2019,33,320,330,0.212166126002084
"Math G4",2019,34,330,340,0.069325828830769
"Math G4",2019,35,340,350,0.0144025092759372
"Math G4",2019,36,350,360,0.00474251270911308
"Math G4",2019,37,360,370,0.000580829540004668
"Math G4",2019,38,370,380,9.92557229137211e-05
"Math G4",2019,39,380,390,5.08654216408358e-05
"Math G4",2019,40,390,400,0
"Math G4",2019,41,400,410,0
"Math G4",2019,42,410,420,0
"Math G4",2019,43,420,430,0
"Math G4",2019,44,430,440,0
"Math G4",2019,45,440,450,0
"Math G4",2019,46,450,460,0
"Math G4",2019,47,460,470,0
"Math G4",2019,48,470,480,0
"Math G4",2019,49,480,490,0
"Math G4",2019,50,490,500,0
"Math G4",2024,1,0,10,0
"Math G4",2024,2,10,20,0
"Math G4",2024,3,20,30,0
"Math G4",2024,4,30,40,0
"Math G4",2024,5,40,50,0
"Math G4",2024,6,50,60,3.85522552605679e-05
"Math G4",2024,7,60,70,0
"Math G4",2024,8,70,80,0.000197447055561646
"Math G4",2024,9,80,90,0.000682758565867238
"Math G4",2024,10,90,100,0.00456925758493661
"Math G4",2024,11,100,110,0.0134035704034202
"Math G4",2024,12,110,120,0.0376890179900676
"Math G4",2024,13,120,130,0.104260995544696
"Math G4",2024,14,130,140,0.257183409456367
"Math G4",2024,15,140,150,0.52165753990111
"Math G4",2024,16,150,160,0.943394247195357
"Math G4",2024,17,160,170,1.64200422382524
"Math G4",2024,18,170,180,2.50340029414887
"Math G4",2024,19,180,190,3.54729233616433
"Math G4",2024,20,190,200,4.9331872966233
"Math G4",2024,21,200,210,6.4244787311786
"Math G4",2024,22,210,220,8.09575673849277
"Math G4",2024,23,220,230,9.79217482032424
"Math G4",2024,24,230,240,11.1269281366008
"Math G4",2024,25,240,250,11.7429728640882
"Math G4",2024,26,250,260,11.3910052580992
"Math G4",2024,27,260,270,9.78251432758593
"Math G4",2024,28,270,280,7.30719654957875
"Math G4",2024,29,280,290,4.79798017750811
"Math G4",2024,30,290,300,2.7546648491939
"Math G4",2024,31,300,310,1.37088995405998
"Math G4",2024,32,310,320,0.595646366682212
"Math G4",2024,33,320,330,0.221328342721244
"Math G4",2024,34,330,340,0.0636711797048869
"Math G4",2024,35,340,350,0.0180946031242131
"Math G4",2024,36,350,360,0.00535827741706744
"Math G4",2024,37,360,370,0.000306162305169984
"Math G4",2024,38,370,380,7.17146203233899e-05
"Math G4",2024,39,380,390,0
"Math G4",2024,40,390,400,0
"Math G4",2024,41,400,410,0
"Math G4",2024,42,410,420,0
"Math G4",2024,43,420,430,0
"Math G4",2024,44,430,440,0
"Math G4",2024,45,440,450,0
"Math G4",2024,46,450,460,0
"Math G4",2024,47,460,470,0
"Math G4",2024,48,470,480,0
"Math G4",2024,49,480,490,0
"Math G4",2024,50,490,500,0
"Math G8",2019,1,0,10,0
"Math G8",2019,2,10,20,0
"Math G8",2019,3,20,30,0
"Math G8",2019,4,30,40,0
"Math G8",2019,5,40,50,0
"Math G8",2019,6,50,60,0
"Math G8",2019,7,60,70,0
"Math G8",2019,8,70,80,0
"Math G8",2019,9,80,90,0
"Math G8",2019,10,90,100,0.000108529829568649
"Math G8",2019,11,100,110,0.000355016762060181
"Math G8",2019,12,110,120,0.00109919077158685
"Math G8",2019,13,120,130,0.00411456136224123
"Math G8",2019,14,130,140,0.0096948065795611
"Math G8",2019,15,140,150,0.0252505194050394
"Math G8",2019,16,150,160,0.061472606142888
"Math G8",2019,17,160,170,0.128011964957948
"Math G8",2019,18,170,180,0.268539240382474
"Math G8",2019,19,180,190,0.502951301704446
"Math G8",2019,20,190,200,0.92294007697061
"Math G8",2019,21,200,210,1.54165188373864
"Math G8",2019,22,210,220,2.52367630146071
"Math G8",2019,23,220,230,3.6675550550156
"Math G8",2019,24,230,240,5.11447664229395
"Math G8",2019,25,240,250,6.57023103347984
"Math G8",2019,26,250,260,7.92475315283652
"Math G8",2019,27,260,270,9.02982829217363
"Math G8",2019,28,270,280,9.65317719686858
"Math G8",2019,29,280,290,9.7369807068885
"Math G8",2019,30,290,300,9.34117398536547
"Math G8",2019,31,300,310,8.4090841770161
"Math G8",2019,32,310,320,7.23550190796899
"Math G8",2019,33,320,330,5.76277439336676
"Math G8",2019,34,330,340,4.32937759396313
"Math G8",2019,35,340,350,3.01345280756616
"Math G8",2019,36,350,360,1.9061879445346
"Math G8",2019,37,360,370,1.14462006673692
"Math G8",2019,38,370,380,0.605285182511443
"Math G8",2019,39,380,390,0.315055384159588
"Math G8",2019,40,390,400,0.154914164315667
"Math G8",2019,41,400,410,0.0637642173306773
"Math G8",2019,42,410,420,0.0205266315772649
"Math G8",2019,43,420,430,0.00923028496966411
"Math G8",2019,44,430,440,0.00176900324487881
"Math G8",2019,45,440,450,0.000414175748297708
"Math G8",2019,46,450,460,0
"Math G8",2019,47,460,470,0
"Math G8",2019,48,470,480,0
"Math G8",2019,49,480,490,0
"Math G8",2019,50,490,500,0
"Math G8",2024,1,0,10,0
"Math G8",2024,2,10,20,0
"Math G8",2024,3,20,30,0
"Math G8",2024,4,30,40,0
"Math G8",2024,5,40,50,0
"Math G8",2024,6,50,60,0
"Math G8",2024,7,60,70,0
"Math G8",2024,8,70,80,0
"Math G8",2024,9,80,90,1.36000556935713e-05
"Math G8",2024,10,90,100,4.41377395032038e-05
"Math G8",2024,11,100,110,0.00099215424721723
"Math G8",2024,12,110,120,0.00115802302673143
"Math G8",2024,13,120,130,0.00688635303406637
"Math G8",2024,14,130,140,0.0206804141766832
"Math G8",2024,15,140,150,0.0512632687737121
"Math G8",2024,16,150,160,0.12366678571255
"Math G8",2024,17,160,170,0.267118855443708
"Math G8",2024,18,170,180,0.540127128504727
"Math G8",2024,19,180,190,1.0432101660491
"Math G8",2024,20,190,200,1.72620817012249
"Math G8",2024,21,200,210,2.70278215986759
"Math G8",2024,22,210,220,3.80895087326537
"Math G8",2024,23,220,230,5.02252310946544
"Math G8",2024,24,230,240,6.29956179595608
"Math G8",2024,25,240,250,7.49916610159852
"Math G8",2024,26,250,260,8.5020739376755
"Math G8",2024,27,260,270,9.05741448716284
"Math G8",2024,28,270,280,9.11468639298232
"Math G8",2024,29,280,290,8.78859050759272
"Math G8",2024,30,290,300,8.15656811309956
"Math G8",2024,31,300,310,7.2130405798035
"Math G8",2024,32,310,320,6.04297449368123
"Math G8",2024,33,320,330,4.71958089416622
"Math G8",2024,34,330,340,3.42968604293161
"Math G8",2024,35,340,350,2.40472464325049
"Math G8",2024,36,350,360,1.55020609444274
"Math G8",2024,37,360,370,0.943320905873128
"Math G8",2024,38,370,380,0.528934598091564
"Math G8",2024,39,380,390,0.263544538609014
"Math G8",2024,40,390,400,0.102891629168943
"Math G8",2024,41,400,410,0.043256237595894
"Math G8",2024,42,410,420,0.0184614633843224
"Math G8",2024,43,420,430,0.00434639568077731
"Math G8",2024,44,430,440,0.0012521466466418
"Math G8",2024,45,440,450,8.54208255751184e-05
"Math G8",2024,46,450,460,7.38029622001581e-06
"Math G8",2024,47,460,470,0
"Math G8",2024,48,470,480,0
"Math G8",2024,49,480,490,0
"Math G8",2024,50,490,500,0
"Math G12",2019,1,0,10,0.003028534629383
"Math G12",2019,2,10,20,0.0058092927149503
"Math G12",2019,3,20,30,0.0192218661571794
"Math G12",2019,4,30,40,0.0456507552924895
"Math G12",2019,5,40,50,0.110421967467633
"Math G12",2019,6,50,60,0.260755590604925
"Math G12",2019,7,60,70,0.565164709686889
"Math G12",2019,8,70,80,1.15128264398312
"Math G12",2019,9,80,90,2.15510607033268
"Math G12",2019,10,90,100,3.56783753050858
"Math G12",2019,11,100,110,5.39697912892621
"Math G12",2019,12,110,120,7.25368126821451
"Math G12",2019,13,120,130,8.81326940464372
"Math G12",2019,14,130,140,9.89198874981654
"Math G12",2019,15,140,150,10.4500975093719
"Math G12",2019,16,150,160,10.5992716731731
"Math G12",2019,17,160,170,9.89271070019998
"Math G12",2019,18,170,180,8.73185684498976
"Math G12",2019,19,180,190,7.35290756436657
"Math G12",2019,20,190,200,5.5836039146198
"Math G12",2019,21,200,210,3.68103698266851
"Math G12",2019,22,210,220,2.14048729743144
"Math G12",2019,23,220,230,1.21209423414663
"Math G12",2019,24,230,240,0.655297456201455
"Math G12",2019,25,240,250,0.306341536197803
"Math G12",2019,26,250,260,0.108679164157771
"Math G12",2019,27,260,270,0.0336540399605138
"Math G12",2019,28,270,280,0.00891117394924901
"Math G12",2019,29,280,290,0.00216661815942906
"Math G12",2019,30,290,300,0.000685777427278421
"Math G12",2024,1,0,10,0.000196588478549745
"Math G12",2024,2,10,20,0.00405699250702631
"Math G12",2024,3,20,30,0.0141500457714399
"Math G12",2024,4,30,40,0.0406811213505714
"Math G12",2024,5,40,50,0.111560629227982
"Math G12",2024,6,50,60,0.307834572304391
"Math G12",2024,7,60,70,0.774935605493904
"Math G12",2024,8,70,80,1.59103997604205
"Math G12",2024,9,80,90,2.8441462533619
"Math G12",2024,10,90,100,4.54653211613856
"Math G12",2024,11,100,110,6.38047684584658
"Math G12",2024,12,110,120,8.12255940009288
"Math G12",2024,13,120,130,9.20841886423686
"Math G12",2024,14,130,140,9.82069858981584
"Math G12",2024,15,140,150,10.2541819465882
"Math G12",2024,16,150,160,9.85036506076043
"Math G12",2024,17,160,170,9.11028030285304
"Math G12",2024,18,170,180,7.71839910157768
"Math G12",2024,19,180,190,6.21401626601556
"Math G12",2024,20,190,200,4.88116195091848
"Math G12",2024,21,200,210,3.40399760707757
"Math G12",2024,22,210,220,2.14755035030244
"Math G12",2024,23,220,230,1.33839594069927
"Math G12",2024,24,230,240,0.747041875792033
"Math G12",2024,25,240,250,0.36274777402165
"Math G12",2024,26,250,260,0.141496095403615
"Math G12",2024,27,260,270,0.0451451279576817
"Math G12",2024,28,270,280,0.0143804209281937
"Math G12",2024,29,280,290,0.00355257843557255
"Math G12",2024,30,290,300,0
