"cell","tail","budget","gap"
"Reading G4","normal_span",0.08,8.3
"Reading G4","normal_span",0.1,5.96
"Reading G4","normal_span",0.13,2.69
"Reading G4","normal_local",0.08,8.66
"Reading G4","normal_local",0.1,6.22
"Reading G4","normal_local",0.13,2.69
"Reading G4","logistic_span",0.08,8.64
"Reading G4","logistic_span",0.1,6.16
"Reading G4","logistic_span",0.13,2.69
"Reading G4","linear_local",0.08,7.69
"Reading G4","linear_local",0.1,5.65
"Reading G4","linear_local",0.13,2.69
"Math G8","normal_span",0.08,6.1
"Math G8","normal_span",0.1,3.97
"Math G8","normal_span",0.13,0.84
"Math G8","normal_local",0.08,6.06
"Math G8","normal_local",0.1,3.94
"Math G8","normal_local",0.13,0.83
"Math G8","logistic_span",0.08,6.41
"Math G8","logistic_span",0.1,4.17
"Math G8","logistic_span",0.13,0.87
"Math G8","linear_local",0.08,5.04
"Math G8","linear_local",0.1,3.33
"Math G8","linear_local",0.13,0.75
