"rule","budget","res_p10","res_p90","differential","gap_remaining","gap_remaining_tracked"
"Bottom-up (lowest first)",0.05,8.913500976563,1.87149810791004,-7.04200286865296,7.04200286865296,7.04200286865296
"Bottom-up (lowest first)",0.06,8.913500976563,1.87149810791004,-7.04200286865296,7.04200286865296,7.04200286865296
"Bottom-up (lowest first)",0.07,8.913500976563,1.87149810791004,-7.04200286865296,7.04200286865296,7.04200286865296
"Bottom-up (lowest first)",0.08,8.913500976563,1.87149810791004,-7.04200286865296,7.04200286865296,7.04200286865296
"Bottom-up (lowest first)",0.09,7.49597715860074,1.87149810791004,-5.6244790506907,5.6244790506907,7.04200286865296
"Bottom-up (lowest first)",0.1,6.06749121105202,1.87149810791004,-4.19599310314197,4.19599310314197,1.19068723018637
"Bottom-up (lowest first)",0.11,4.71299968504843,1.87149810791004,-2.84150157713839,2.84150157713839,1.19068723018637
"Bottom-up (lowest first)",0.12,3.42219322772712,1.87149810791004,-1.55069511981708,1.55069511981708,1.19068723018637
"Bottom-up (lowest first)",0.13,3.06218533809641,1.87149810791004,-1.19068723018637,1.19068723018637,1.19068723018637
"Bottom-up (lowest first)",0.14,3.06218533809641,1.87149810791004,-1.19068723018637,1.19068723018637,1.19068723018637
"Bottom-up (lowest first)",0.15,3.06218533809641,1.87149810791004,-1.19068723018637,1.19068723018637,1.19068723018637
"Bottom-up (lowest first)",0.16,3.06218533809641,1.87149810791004,-1.19068723018637,1.19068723018637,1.19068723018637
"Bottom-up (lowest first)",0.17,3.06218533809641,1.87149810791004,-1.19068723018637,1.19068723018637,1.19068723018637
"Bottom-up (lowest first)",0.18,3.06218533809641,1.87149810791004,-1.19068723018637,1.19068723018637,1.19068723018637
"Bottom-up (lowest first)",0.19,3.06218533809641,1.87149810791004,-1.19068723018637,1.19068723018637,1.19068723018637
"Bottom-up (lowest first)",0.2,3.06218533809641,1.87149810791004,-1.19068723018637,1.19068723018637,1.19068723018637
"Bottom-up (lowest first)",0.21,3.06218533809641,1.87149810791004,-1.19068723018637,1.19068723018637,1.19068723018637
"Bottom-up (lowest first)",0.22,3.06218533809641,1.87149810791004,-1.19068723018637,1.19068723018637,1.19068723018637
"Bottom-up (lowest first)",0.23,3.06218533809641,1.87149810791004,-1.19068723018637,1.19068723018637,1.19068723018637
"Bottom-up (lowest first)",0.24,3.06218533809641,1.87149810791004,-1.19068723018637,1.19068723018637,1.19068723018637
"Bottom-up (lowest first)",0.25,3.06218533809641,1.87149810791004,-1.19068723018637,1.19068723018637,1.19068723018637
"Bottom-up (lowest first)",0.26,3.06218533809641,1.87149810791004,-1.19068723018637,1.19068723018637,1.19068723018637
"Bottom-up (lowest first)",0.27,3.06218533809641,1.87149810791004,-1.19068723018637,1.19068723018637,1.19068723018637
"Bottom-up (lowest first)",0.28,3.06218533809641,1.87149810791004,-1.19068723018637,1.19068723018637,1.19068723018637
"Bottom-up (lowest first)",0.29,3.06218533809641,1.87149810791004,-1.19068723018637,1.19068723018637,1.19068723018637
"Bottom-up (lowest first)",0.3,3.06218533809641,1.87149810791004,-1.19068723018637,1.19068723018637,1.19068723018637
"Bottom-up (lowest first)",0.31,3.06218533809641,1.87149810791004,-1.19068723018637,1.19068723018637,1.19068723018637
"Bottom-up (lowest first)",0.32,3.06218533809641,1.87149810791004,-1.19068723018637,1.19068723018637,1.19068723018637
"Bottom-up (lowest first)",0.33,3.06218533809641,1.87149810791004,-1.19068723018637,1.19068723018637,1.19068723018637
"Bottom-up (lowest first)",0.34,3.06218533809641,1.87149810791004,-1.19068723018637,1.19068723018637,1.19068723018637
"Bottom-up (lowest first)",0.35,3.06218533809641,1.87149810791004,-1.19068723018637,1.19068723018637,1.19068723018637
"Bottom-up (lowest first)",0.36,3.06218533809641,1.87149810791004,-1.19068723018637,1.19068723018637,1.19068723018637
"Bottom-up (lowest first)",0.37,3.06218533809641,1.87149810791004,-1.19068723018637,1.19068723018637,1.19068723018637
"Bottom-up (lowest first)",0.38,3.06218533809641,1.87149810791004,-1.19068723018637,1.19068723018637,1.19068723018637
"Bottom-up (lowest first)",0.39,3.06218533809641,1.87149810791004,-1.19068723018637,1.19068723018637,1.19068723018637
"Bottom-up (lowest first)",0.4,3.06218533809641,1.87149810791004,-1.19068723018637,1.19068723018637,1.19068723018637
"Bottom-up (lowest first)",0.41,3.06218533809641,1.87149810791004,-1.19068723018637,1.19068723018637,1.19068723018637
"Bottom-up (lowest first)",0.42,3.06218533809641,1.87149810791004,-1.19068723018637,1.19068723018637,1.19068723018637
"Bottom-up (lowest first)",0.43,3.06218533809641,1.87149810791004,-1.19068723018637,1.19068723018637,1.19068723018637
"Bottom-up (lowest first)",0.44,3.06218533809641,1.87149810791004,-1.19068723018637,1.19068723018637,1.19068723018637
"Bottom-up (lowest first)",0.45,3.06218533809641,1.87149810791004,-1.19068723018637,1.19068723018637,1.19068723018637
"Bottom-up (lowest first)",0.46,3.06218533809641,1.87149810791004,-1.19068723018637,1.19068723018637,1.19068723018637
"Bottom-up (lowest first)",0.47,3.06218533809641,1.87149810791004,-1.19068723018637,1.19068723018637,1.19068723018637
"Bottom-up (lowest first)",0.48,3.06218533809641,1.87149810791004,-1.19068723018637,1.19068723018637,1.19068723018637
"Bottom-up (lowest first)",0.49,3.06218533809641,1.87149810791004,-1.19068723018637,1.19068723018637,1.19068723018637
"Bottom-up (lowest first)",0.5,3.06218533809641,1.87149810791004,-1.19068723018637,1.19068723018637,1.19068723018637
"Bottom-up (lowest first)",0.51,3.06218533809641,1.87149810791004,-1.19068723018637,1.19068723018637,1.19068723018637
"Bottom-up (lowest first)",0.52,3.06218533809641,1.87149810791004,-1.19068723018637,1.19068723018637,1.19068723018637
"Bottom-up (lowest first)",0.53,3.06218533809641,1.87149810791004,-1.19068723018637,1.19068723018637,1.19068723018637
"Bottom-up (lowest first)",0.54,3.06218533809641,1.87149810791004,-1.19068723018637,1.19068723018637,1.19068723018637
"Bottom-up (lowest first)",0.55,3.06218533809641,1.87149810791004,-1.19068723018637,1.19068723018637,1.19068723018637
"Bottom-up (lowest first)",0.56,3.06218533809641,1.87149810791004,-1.19068723018637,1.19068723018637,1.19068723018637
"Bottom-up (lowest first)",0.57,3.06218533809641,1.87149810791004,-1.19068723018637,1.19068723018637,1.19068723018637
"Bottom-up (lowest first)",0.58,3.06218533809641,1.87149810791004,-1.19068723018637,1.19068723018637,1.19068723018637
"Bottom-up (lowest first)",0.59,3.06218533809641,1.87149810791004,-1.19068723018637,1.19068723018637,1.19068723018637
"Bottom-up (lowest first)",0.6,3.06218533809641,1.87149810791004,-1.19068723018637,1.19068723018637,1.19068723018637
"Bottom-up (lowest first)",0.61,3.06218533809641,1.87149810791004,-1.19068723018637,1.19068723018637,1.19068723018637
"Bottom-up (lowest first)",0.62,3.06218533809641,1.87149810791004,-1.19068723018637,1.19068723018637,1.19068723018637
"Bottom-up (lowest first)",0.63,3.06218533809641,1.87149810791004,-1.19068723018637,1.19068723018637,1.19068723018637
"Bottom-up (lowest first)",0.64,3.06218533809641,1.87149810791004,-1.19068723018637,1.19068723018637,1.19068723018637
"Bottom-up (lowest first)",0.65,3.06218533809641,1.87149810791004,-1.19068723018637,1.19068723018637,1.19068723018637
"Bottom-up (lowest first)",0.66,3.06218533809641,1.87149810791004,-1.19068723018637,1.19068723018637,1.19068723018637
"Bottom-up (lowest first)",0.67,3.06218533809641,1.87149810791004,-1.19068723018637,1.19068723018637,1.19068723018637
"Bottom-up (lowest first)",0.68,3.06218533809641,1.87149810791004,-1.19068723018637,1.19068723018637,1.19068723018637
"Bottom-up (lowest first)",0.69,3.06218533809641,1.87149810791004,-1.19068723018637,1.19068723018637,1.19068723018637
"Bottom-up (lowest first)",0.7,3.06218533809641,1.87149810791004,-1.19068723018637,1.19068723018637,1.19068723018637
"Bottom-up (lowest first)",0.71,3.06218533809641,1.87149810791004,-1.19068723018637,1.19068723018637,1.19068723018637
"Bottom-up (lowest first)",0.72,3.06218533809641,1.87149810791004,-1.19068723018637,1.19068723018637,1.19068723018637
"Bottom-up (lowest first)",0.73,3.06218533809641,1.87149810791004,-1.19068723018637,1.19068723018637,1.19068723018637
"Bottom-up (lowest first)",0.74,3.06218533809641,1.87149810791004,-1.19068723018637,1.19068723018637,1.19068723018637
"Bottom-up (lowest first)",0.75,3.06218533809641,1.87149810791004,-1.19068723018637,1.19068723018637,1.19068723018637
"Bottom-up (lowest first)",0.76,3.06218533809641,1.87149810791004,-1.19068723018637,1.19068723018637,1.19068723018637
"Bottom-up (lowest first)",0.77,3.06218533809641,1.87149810791004,-1.19068723018637,1.19068723018637,1.19068723018637
"Bottom-up (lowest first)",0.78,3.06218533809641,1.87149810791004,-1.19068723018637,1.19068723018637,1.19068723018637
"Bottom-up (lowest first)",0.79,3.06218533809641,1.87149810791004,-1.19068723018637,1.19068723018637,1.19068723018637
"Bottom-up (lowest first)",0.8,3.06218533809641,1.87149810791004,-1.19068723018637,1.19068723018637,1.19068723018637
"Bottom-up (lowest first)",0.81,3.06218533809641,1.87149810791004,-1.19068723018637,1.19068723018637,1.19068723018637
"Bottom-up (lowest first)",0.82,3.06218533809641,1.87149810791004,-1.19068723018637,1.19068723018637,1.19068723018637
"Bottom-up (lowest first)",0.83,3.06218533809641,1.87149810791004,-1.19068723018637,1.19068723018637,1.19068723018637
"Bottom-up (lowest first)",0.84,3.06218533809641,1.87149810791004,-1.19068723018637,1.19068723018637,1.19068723018637
"Bottom-up (lowest first)",0.85,3.06218533809641,1.87149810791004,-1.19068723018637,1.19068723018637,1.19068723018637
"Bottom-up (lowest first)",0.86,3.06218533809641,1.87149810791004,-1.19068723018637,1.19068723018637,1.19068723018637
"Bottom-up (lowest first)",0.87,3.06218533809641,1.49849692606813,-1.56368841202828,1.56368841202828,1.19068723018637
"Bottom-up (lowest first)",0.88,3.06218533809641,0.629648298284394,-2.43253703981202,2.43253703981202,1.19068723018637
"Bottom-up (lowest first)",0.89,3.06218533809641,-0.277049760875286,-3.3392350989717,3.3392350989717,1.19068723018637
"Bottom-up (lowest first)",0.9,3.06218533809641,-1.23457461606961,-4.29675995416602,4.29675995416602,7.04200286865296
"Bottom-up (lowest first)",0.91,3.06218533809641,-2.2294043525639,-5.29158969066032,5.29158969066032,7.04200286865296
"Bottom-up (lowest first)",0.92,3.06218533809641,-3.23647578658711,-6.29866112468352,6.29866112468352,7.04200286865296
"Bottom-up (lowest first)",0.93,3.06218533809641,-3.97981753055655,-7.04200286865296,7.04200286865296,7.04200286865296
"Bottom-up (lowest first)",0.94,3.06218533809641,-3.97981753055655,-7.04200286865296,7.04200286865296,7.04200286865296
"Bottom-up (lowest first)",0.95,3.06218533809641,-3.97981753055655,-7.04200286865296,7.04200286865296,7.04200286865296
"Bottom-up (lowest first)",0.96,3.06218533809641,-3.97981753055655,-7.04200286865296,7.04200286865296,7.04200286865296
"Bottom-up (lowest first)",0.97,3.06218533809641,-3.97981753055655,-7.04200286865296,7.04200286865296,7.04200286865296
"Bottom-up (lowest first)",0.98,3.06218533809641,-3.97981753055655,-7.04200286865296,7.04200286865296,7.04200286865296
"Bottom-up (lowest first)",0.99,3.06218533809641,-3.97981753055655,-7.04200286865296,7.04200286865296,7.04200286865296
"Bottom-up (lowest first)",1,3.06218533809641,-3.97981753055655,-7.04200286865296,7.04200286865296,7.04200286865296
"Proportional (untargeted)",0.05,8.63986952268226,1.55203772552994,-7.08783179715232,7.08783179715232,7.04200286865296
"Proportional (untargeted)",0.06,8.59734938382437,1.49480259205671,-7.10254679176765,7.10254679176765,7.04200286865296
"Proportional (untargeted)",0.07,8.5367393934132,1.43097750409618,-7.10576188931702,7.10576188931702,7.04200286865296
"Proportional (untargeted)",0.08,8.47684793641599,1.37305568015756,-7.10379225625843,7.10379225625843,7.04200286865296
"Proportional (untargeted)",0.09,8.43425471006023,1.30826459372116,-7.12599011633907,7.12599011633907,7.04200286865296
"Proportional (untargeted)",0.1,8.37249103111279,1.25111825506895,-7.12137277604384,7.12137277604384,7.04200286865296
"Proportional (untargeted)",0.11,8.31099701518755,1.18459291243624,-7.12640410275131,7.12640410275131,7.04200286865296
"Proportional (untargeted)",0.12,8.27073402768218,1.12109055272214,-7.14964347496004,7.14964347496004,7.04200286865296
"Proportional (untargeted)",0.13,8.20643303372026,1.0616196597901,-7.14481337393016,7.14481337393016,7.04200286865296
"Proportional (untargeted)",0.14,8.1527750074624,0.99616297275719,-7.1566120347052,7.1566120347052,7.04200286865296
"Proportional (untargeted)",0.15,8.1025887292883,0.937868367045837,-7.16472036224246,7.16472036224246,7.04200286865296
"Proportional (untargeted)",0.16,8.04016981645037,0.874613688900695,-7.16555612754968,7.16555612754968,7.04200286865296
"Proportional (untargeted)",0.17,7.98508073366392,0.812651457712775,-7.17242927595115,7.17242927595115,7.04200286865296
"Proportional (untargeted)",0.18,7.93173346969101,0.752684321591914,-7.1790491480991,7.1790491480991,7.04200286865296
"Proportional (untargeted)",0.19,7.87434170472545,0.686154956443943,-7.18818674828151,7.18818674828151,7.04200286865296
"Proportional (untargeted)",0.2,7.81811560721468,0.626804273377616,-7.19131133383706,7.19131133383706,7.04200286865296
"Proportional (untargeted)",0.21,7.76138588369753,0.565557291004495,-7.19582859269303,7.19582859269303,7.04200286865296
"Proportional (untargeted)",0.22,7.7031206551147,0.50423693195404,-7.19888372316066,7.19888372316066,7.04200286865296
"Proportional (untargeted)",0.23,7.65467876035893,0.443544271810765,-7.21113448854817,7.21113448854817,7.04200286865296
"Proportional (untargeted)",0.24,7.5900759634109,0.378031634538331,-7.21204432887257,7.21204432887257,7.04200286865296
"Proportional (untargeted)",0.25,7.53293121792905,0.312398925164246,-7.2205322927648,7.2205322927648,7.04200286865296
"Proportional (untargeted)",0.26,7.47875766985109,0.255768361347407,-7.22298930850368,7.22298930850368,7.04200286865296
"Proportional (untargeted)",0.27,7.42064121566546,0.192687347983963,-7.22795386768149,7.22795386768149,7.04200286865296
"Proportional (untargeted)",0.28,7.36442151441736,0.129735523264173,-7.23468599115319,7.23468599115319,7.04200286865296
"Proportional (untargeted)",0.29,7.3045092445648,0.0691655068820296,-7.23534373768277,7.23534373768277,7.04200286865296
"Proportional (untargeted)",0.3,7.241642484339,0.0085441540741158,-7.23309833026488,7.23309833026488,7.04200286865296
"Proportional (untargeted)",0.31,7.1918775900626,-0.0533436530979543,-7.24522124316056,7.24522124316056,7.04200286865296
"Proportional (untargeted)",0.32,7.13097937143723,-0.116247186087662,-7.2472265575249,7.2472265575249,7.04200286865296
"Proportional (untargeted)",0.33,7.07343428759296,-0.177634095386111,-7.25106838297907,7.25106838297907,7.04200286865296
"Proportional (untargeted)",0.34,7.01372342008602,-0.239132177957686,-7.25285559804371,7.25285559804371,7.04200286865296
"Proportional (untargeted)",0.35,6.95032288923895,-0.302830395047806,-7.25315328428675,7.25315328428675,7.04200286865296
"Proportional (untargeted)",0.36,6.89756519095593,-0.365239760320094,-7.26280495127602,7.26280495127602,7.04200286865296
"Proportional (untargeted)",0.37,6.83865045965371,-0.426450809793664,-7.26510126944737,7.26510126944737,7.04200286865296
"Proportional (untargeted)",0.38,6.78356952551422,-0.490080344098999,-7.27364986961322,7.27364986961322,7.04200286865296
"Proportional (untargeted)",0.39,6.72247330223507,-0.553182896163946,-7.27565619839902,7.27565619839902,7.04200286865296
"Proportional (untargeted)",0.4,6.65824581949266,-0.610278513135768,-7.26852433262843,7.26852433262843,7.04200286865296
"Proportional (untargeted)",0.41,6.59964066782149,-0.672577649734194,-7.27221831755568,7.27221831755568,7.04200286865296
"Proportional (untargeted)",0.42,6.54201046255884,-0.734332937258387,-7.27634339981722,7.27634339981722,7.04200286865296
"Proportional (untargeted)",0.43,6.48003538095696,-0.796650271298802,-7.27668565225576,7.27668565225576,7.04200286865296
"Proportional (untargeted)",0.44,6.42241458503531,-0.862112485579701,-7.28452707061501,7.28452707061501,7.04200286865296
"Proportional (untargeted)",0.45,6.36459876530003,-0.919703441750869,-7.2843022070509,7.2843022070509,7.04200286865296
"Proportional (untargeted)",0.46,6.30592296044762,-0.979994452851997,-7.28591741329961,7.28591741329961,7.04200286865296
"Proportional (untargeted)",0.47,6.24699047933953,-1.04463527225982,-7.29162575159935,7.29162575159935,7.04200286865296
"Proportional (untargeted)",0.48,6.18677656911464,-1.10459096080194,-7.29136752991658,7.29136752991658,7.04200286865296
"Proportional (untargeted)",0.49,6.13082741807071,-1.1645602226215,-7.29538764069221,7.29538764069221,7.04200286865296
"Proportional (untargeted)",0.5,6.06975288634882,-1.22618062834295,-7.29593351469177,7.29593351469177,7.04200286865296
"Proportional (untargeted)",0.51,6.00806596656412,-1.28819317689579,-7.29625914345991,7.29625914345991,7.04200286865296
"Proportional (untargeted)",0.52,5.95132727804858,-1.34434761068997,-7.29567488873855,7.29567488873855,7.04200286865296
"Proportional (untargeted)",0.53,5.89154245343889,-1.4116301388633,-7.30317259230219,7.30317259230219,7.04200286865296
"Proportional (untargeted)",0.54,5.82908009119811,-1.46576092506365,-7.29484101626176,7.29484101626176,7.04200286865296
"Proportional (untargeted)",0.55,5.77162818111589,-1.53060294443759,-7.30223112555348,7.30223112555348,7.04200286865296
"Proportional (untargeted)",0.56,5.71444068855212,-1.58680250035121,-7.30124318890333,7.30124318890333,7.04200286865296
"Proportional (untargeted)",0.57,5.6494244221129,-1.64642400740706,-7.29584842951996,7.29584842951996,7.04200286865296
"Proportional (untargeted)",0.58,5.59173757464686,-1.70609035365618,-7.29782792830304,7.29782792830304,7.04200286865296
"Proportional (untargeted)",0.59,5.53313799807356,-1.76111223593102,-7.29425023400458,7.29425023400458,7.04200286865296
"Proportional (untargeted)",0.6,5.46789622254661,-1.82346877568301,-7.29136499822962,7.29136499822962,7.04200286865296
"Proportional (untargeted)",0.61,5.41047704299527,-1.87985942685253,-7.2903364698478,7.2903364698478,7.04200286865296
"Proportional (untargeted)",0.62,5.35132730722913,-1.93844900527301,-7.28977631250214,7.28977631250214,7.04200286865296
"Proportional (untargeted)",0.63,5.28534586059982,-1.99288626939864,-7.27823212999846,7.27823212999846,7.04200286865296
"Proportional (untargeted)",0.64,5.23065435448416,-2.05368490460233,-7.28433925908649,7.28433925908649,7.04200286865296
"Proportional (untargeted)",0.65,5.17115684800331,-2.10935312533059,-7.28050997333389,7.28050997333389,7.04200286865296
"Proportional (untargeted)",0.66,5.11108812274679,-2.16674588055838,-7.27783400330517,7.27783400330517,7.04200286865296
"Proportional (untargeted)",0.67,5.05514442776862,-2.22142706420141,-7.27657149197003,7.27657149197003,7.04200286865296
"Proportional (untargeted)",0.68,4.99323480860858,-2.27879889990851,-7.27203370851709,7.27203370851709,7.04200286865296
"Proportional (untargeted)",0.69,4.93513270918069,-2.33811862811382,-7.27325133729451,7.27325133729451,7.04200286865296
"Proportional (untargeted)",0.7,4.87817054126901,-2.39052622720038,-7.2686967684694,7.2686967684694,7.04200286865296
"Proportional (untargeted)",0.71,4.80922109390522,-2.44760019589899,-7.25682128980421,7.25682128980421,7.04200286865296
"Proportional (untargeted)",0.72,4.75328504682918,-2.50019724033592,-7.2534822871651,7.2534822871651,7.04200286865296
"Proportional (untargeted)",0.73,4.69378345458981,-2.55823983384863,-7.25202328843844,7.25202328843844,7.04200286865296
"Proportional (untargeted)",0.74,4.6328699300312,-2.61129748281218,-7.24416741284338,7.24416741284338,7.04200286865296
"Proportional (untargeted)",0.75,4.57621295989355,-2.66624632979409,-7.24245928968764,7.24245928968764,7.04200286865296
"Proportional (untargeted)",0.76,4.51541525856541,-2.72450186894616,-7.23991712751157,7.23991712751157,7.04200286865296
"Proportional (untargeted)",0.77,4.45991615332363,-2.77407932009163,-7.23399547341526,7.23399547341526,7.04200286865296
"Proportional (untargeted)",0.78,4.3908678838215,-2.83019148919061,-7.22105937301211,7.22105937301211,7.04200286865296
"Proportional (untargeted)",0.79,4.33310362497741,-2.88772777006875,-7.22083139504616,7.22083139504616,7.04200286865296
"Proportional (untargeted)",0.8,4.27541473933121,-2.93554043974626,-7.21095517907747,7.21095517907747,7.04200286865296
"Proportional (untargeted)",0.81,4.21642142573029,-2.99193025974739,-7.20835168547768,7.20835168547768,7.04200286865296
"Proportional (untargeted)",0.82,4.15478168576203,-3.04800249240873,-7.20278417817076,7.20278417817076,7.04200286865296
"Proportional (untargeted)",0.83,4.09411730389766,-3.09604614248912,-7.19016344638678,7.19016344638678,7.04200286865296
"Proportional (untargeted)",0.84,4.03748923540596,-3.15173494315212,-7.18922417855808,7.18922417855808,7.04200286865296
"Proportional (untargeted)",0.85,3.97635751310929,-3.20605417160516,-7.18241168471445,7.18241168471445,7.04200286865296
"Proportional (untargeted)",0.86,3.91624340605551,-3.25653959568814,-7.17278300174365,7.17278300174365,7.04200286865296
"Proportional (untargeted)",0.87,3.85563752430025,-3.3098401735171,-7.16547769781735,7.16547769781735,7.04200286865296
"Proportional (untargeted)",0.88,3.80032301659438,-3.36269453487256,-7.16301755146694,7.16301755146694,7.04200286865296
"Proportional (untargeted)",0.89,3.7270011947713,-3.41590326968503,-7.14290446445634,7.14290446445634,7.04200286865296
"Proportional (untargeted)",0.9,3.67322115029367,-3.46899721878151,-7.14221836907518,7.14221836907518,7.04200286865296
"Proportional (untargeted)",0.91,3.61433315339457,-3.51450920297259,-7.12884235636716,7.12884235636716,7.04200286865296
"Proportional (untargeted)",0.92,3.56018872859235,-3.57117747645333,-7.13136620504568,7.13136620504568,7.04200286865296
"Proportional (untargeted)",0.93,3.48726476353875,-3.62319120586579,-7.11045596940454,7.11045596940454,7.04200286865296
"Proportional (untargeted)",0.94,3.43141592637122,-3.67464287920762,-7.10605880557884,7.10605880557884,7.04200286865296
"Proportional (untargeted)",0.95,3.37126030464128,-3.72659408828406,-7.09785439292534,7.09785439292534,7.04200286865296
"Proportional (untargeted)",0.96,3.3057615872913,-3.77199566443988,-7.07775725173119,7.07775725173119,7.04200286865296
"Proportional (untargeted)",0.97,3.2485621839171,-3.83365916031255,-7.08222134422965,7.08222134422965,7.04200286865296
"Proportional (untargeted)",0.98,3.18824016903284,-3.87878739625256,-7.0670275652854,7.0670275652854,7.04200286865296
"Proportional (untargeted)",0.99,3.12327576608897,-3.92935952661054,-7.05263529269951,7.05263529269951,7.04200286865296
"Proportional (untargeted)",1,3.06218533809641,-3.97981753055655,-7.04200286865296,7.04200286865296,7.04200286865296
"Opt-in gradient",0.05,8.79017957557951,1.32358481475791,-7.46659476082161,7.46659476082161,7.43466207899814
"Opt-in gradient",0.06,8.76962709388727,1.21470552483061,-7.55492156905666,7.55492156905666,7.51319392106718
"Opt-in gradient",0.07,8.75485809327486,1.10396740366645,-7.65089068960842,7.65089068960842,7.59172576313621
"Opt-in gradient",0.08,8.72728440309297,0.993656767409277,-7.73362763568369,7.73362763568369,7.67025760520525
"Opt-in gradient",0.09,8.69778154645516,0.885690216563944,-7.81209132989122,7.81209132989122,7.74878944727429
"Opt-in gradient",0.1,8.67086702057736,0.777218714309072,-7.89364830626829,7.89364830626829,7.82732128934332
"Opt-in gradient",0.11,8.6465359532788,0.666504975491534,-7.98003097778727,7.98003097778727,7.90585313141236
"Opt-in gradient",0.12,8.62550866804119,0.557624736361447,-8.06788393167975,8.06788393167975,7.9843849734814
"Opt-in gradient",0.13,8.60006809922822,0.447029262454919,-8.1530388367733,8.1530388367733,8.06291681555043
"Opt-in gradient",0.14,8.5790013470276,0.337327824407453,-8.24167352262015,8.24167352262015,8.14144865761947
"Opt-in gradient",0.15,8.55444703493683,0.228997774909146,-8.32544926002768,8.32544926002768,8.2199804996885
"Opt-in gradient",0.16,8.52743288996794,0.111914710670248,-8.41551817929769,8.41551817929769,8.29851234175754
"Opt-in gradient",0.17,8.49796277185391,0.00470441859857829,-8.49325835325533,8.49325835325533,8.37704418382658
"Opt-in gradient",0.18,8.46995598881509,-0.106603086548716,-8.5765590753638,8.5765590753638,8.45557602589561
"Opt-in gradient",0.19,8.45491981701252,-0.219057361836633,-8.67397717884916,8.67397717884916,8.53410786796465
"Opt-in gradient",0.2,8.43477952633427,-0.328817557952959,-8.76359708428723,8.76359708428723,8.61263971003369
"Opt-in gradient",0.21,8.4065692279915,-0.440250404220421,-8.84681963221192,8.84681963221192,8.69117155210272
"Opt-in gradient",0.22,8.38072533333198,-0.556562667937953,-8.93728800126993,8.93728800126993,8.76970339417176
"Opt-in gradient",0.23,8.35673115861107,-0.663825022722904,-9.02055618133397,9.02055618133397,8.8482352362408
"Opt-in gradient",0.24,8.33077665055478,-0.776175881194433,-9.10695253174922,9.10695253174922,8.92676707830983
"Opt-in gradient",0.25,8.30247660887551,-0.885792872529919,-9.18826948140543,9.18826948140543,9.00529892037887
"Opt-in gradient",0.26,8.28213674643717,-0.99875689351137,-9.28089363994854,9.28089363994854,9.0838307624479
"Opt-in gradient",0.27,8.26280722993133,-1.1083359440579,-9.37114317398922,9.37114317398922,9.16236260451694
"Opt-in gradient",0.28,8.2355182916817,-1.21874141054099,-9.45425970222269,9.45425970222269,9.24089444658598
"Opt-in gradient",0.29,8.20629710246675,-1.32485875984042,-9.53115586230717,9.53115586230717,9.31942628865501
"Opt-in gradient",0.3,8.17847421512727,-1.43667041856105,-9.61514463368832,9.61514463368832,9.39795813072405
"Opt-in gradient",0.31,8.1590914528949,-1.54637641703124,-9.70546786992614,9.70546786992614,9.47648997279309
"Opt-in gradient",0.32,8.14042007663645,-1.65106398712794,-9.79148406376439,9.79148406376439,9.55502181486212
"Opt-in gradient",0.33,8.11117122830376,-1.75973850175518,-9.87090973005894,9.87090973005894,9.63355365693116
"Opt-in gradient",0.34,8.08407531887752,-1.86254151911379,-9.94661683799131,9.94661683799131,9.71208549900019
"Opt-in gradient",0.35,8.05913002632232,-1.96937277475189,-10.0285028010742,10.0285028010742,9.79061734106923
"Opt-in gradient",0.36,8.03450295833315,-2.07021083728978,-10.1047137956229,10.1047137956229,9.86914918313827
"Opt-in gradient",0.37,8.00766410545162,-2.17665867884728,-10.1843227842989,10.1843227842989,9.9476810252073
"Opt-in gradient",0.38,7.9823991315422,-2.27432777087233,-10.2567269024145,10.2567269024145,10.0262128672763
"Opt-in gradient",0.39,7.96190479885627,-2.37764157718408,-10.3395463760403,10.3395463760403,10.1047447093454
"Opt-in gradient",0.4,7.93663843216223,-2.47814789065455,-10.4147863228168,10.4147863228168,10.1832765514144
"Opt-in gradient",0.41,7.9093387152688,-2.57717520381766,-10.4865139190865,10.4865139190865,10.2618083934834
"Opt-in gradient",0.42,7.8800072802826,-2.6782439448159,-10.5582512250985,10.5582512250985,10.3403402355525
"Opt-in gradient",0.43,7.85055747082728,-2.77342447410433,-10.6239819449316,10.6239819449316,10.4188720776215
"Opt-in gradient",0.44,7.83328698617461,-2.87269846348585,-10.7059854496605,10.7059854496605,10.4974039196906
"Opt-in gradient",0.45,7.81611446861834,-2.97204431971852,-10.7881587883369,10.7881587883369,10.5759357617596
"Opt-in gradient",0.46,7.78543323831732,-3.07386788835498,-10.8593011266723,10.8593011266723,10.6544676038286
"Opt-in gradient",0.47,7.75669074688253,-3.16403562657825,-10.9207263734608,10.9207263734608,10.7329994458977
"Opt-in gradient",0.48,7.72988529499244,-3.25663542807848,-10.9865207230709,10.9865207230709,10.8115312879667
"Opt-in gradient",0.49,7.705015302319,-3.35013473881429,-11.0551500411333,11.0551500411333,10.8900631300357
"Opt-in gradient",0.5,7.68335713195654,-3.44510921341043,-11.128466345367,11.128466345367,10.9685949721048
"Opt-in gradient",0.51,7.65669767740008,-3.54007488235555,-11.1967725597556,11.1967725597556,11.0471268141738
"Opt-in gradient",0.52,7.62943290341673,-3.63382367433331,-11.26325657775,11.26325657775,11.1256586562428
"Opt-in gradient",0.53,7.6040031783885,-3.72674529561647,-11.330748474005,11.330748474005,11.2041904983119
"Opt-in gradient",0.54,7.57939043344865,-3.8192233999992,-11.3986138334479,11.3986138334479,11.2827223403809
"Opt-in gradient",0.55,7.55304382965025,-3.91164425029922,-11.4646880799495,11.4646880799495,11.36125418245
"Opt-in gradient",0.56,7.52491516307393,-3.97981753055655,-11.5047326936305,11.5047326936305,11.4218714508167
"Opt-in gradient",0.57,7.495590261253,-3.97981753055649,-11.4754077918095,11.4754077918095,11.3892403895498
"Opt-in gradient",0.58,7.46213288651958,-3.9798175305566,-11.4419504170762,11.4419504170762,11.3556855721861
"Opt-in gradient",0.59,7.42541688834132,-3.9798175305566,-11.4052344188979,11.4052344188979,11.3211694980739
"Opt-in gradient",0.6,7.39276778558735,-3.9798175305566,-11.372585316144,11.372585316144,11.2856508420281
"Opt-in gradient",0.61,7.36346671706045,-3.9798175305566,-11.343284247617,11.343284247617,11.2490832955421
"Opt-in gradient",0.62,7.32029213985822,-3.97981753055655,-11.3001096704148,11.3001096704148,11.2114265682981
"Opt-in gradient",0.63,7.27956427571749,-3.9798175305566,-11.2593818062741,11.2593818062741,11.172633355032
"Opt-in gradient",0.64,7.23391017079686,-3.9798175305566,-11.2137277013535,11.2137277013535,11.1326522501161
"Opt-in gradient",0.65,7.20319305325768,-3.97981753055655,-11.1830105838142,11.1830105838142,11.0914167847622
"Opt-in gradient",0.66,7.15779851173522,-3.9798175305566,-11.1376160422918,11.1376160422918,11.0488817325795
"Opt-in gradient",0.67,7.10836443455278,-3.9798175305566,-11.0881819651094,11.0881819651094,11.004977420961
"Opt-in gradient",0.68,7.07308060870699,-3.97981753055655,-11.0528981392635,11.0528981392635,10.9596332528864
"Opt-in gradient",0.69,7.01980369094423,-3.97981753055655,-10.9996212215008,10.9996212215008,10.912781480748
"Opt-in gradient",0.7,6.97174560547788,-3.9798175305566,-10.9515631360345,10.9515631360345,10.8643366356071
"Opt-in gradient",0.71,6.91810224381237,-3.9798175305566,-10.897919774369,10.897919774369,10.8142136914265
"Opt-in gradient",0.72,6.86970940587341,-3.97981753055655,-10.84952693643,10.84952693643,10.7623263338616
"Opt-in gradient",0.73,6.81374805909235,-3.97981753055655,-10.7935655896489,10.7935655896489,10.708560796797
"Opt-in gradient",0.74,6.75665230659683,-3.9798175305566,-10.7364698371534,10.7364698371534,10.6528101997182
"Opt-in gradient",0.75,6.69850196205417,-3.97981753055655,-10.6783194926107,10.6783194926107,10.594956279156
"Opt-in gradient",0.76,6.63251992450307,-3.97981753055655,-10.6123374550596,10.6123374550596,10.5348640140246
"Opt-in gradient",0.77,6.57262933968707,-3.9798175305566,-10.5524468702437,10.5524468702437,10.4723854839045
"Opt-in gradient",0.78,6.50505587212069,-3.97981753055655,-10.4848734026772,10.4848734026772,10.4073582677898
"Opt-in gradient",0.79,6.4424443278921,-3.9798175305566,-10.4222618584487,10.4222618584487,10.3396035984047
"Opt-in gradient",0.8,6.3662220595327,-3.97981753055655,-10.3460395900892,10.3460395900892,10.268911237017
"Opt-in gradient",0.81,6.28817733320193,-3.97981753055655,-10.2679948637585,10.2679948637585,10.1950553714065
"Opt-in gradient",0.82,6.20942673108502,-3.9798175305566,-10.1892442616416,10.1892442616416,10.1177946186745
"Opt-in gradient",0.83,6.13168977543233,-3.97981753055655,-10.1115073059889,10.1115073059889,10.0368154519574
"Opt-in gradient",0.84,6.04138197103086,-3.97981753055655,-10.0211995015874,10.0211995015874,9.951800387426
"Opt-in gradient",0.85,5.95105929299677,-3.97981753055655,-9.93087682355332,9.93087682355332,9.86236766183042
"Opt-in gradient",0.86,5.84735592212948,-3.97981753055655,-9.82717345268603,9.82717345268603,9.76807058857697
"Opt-in gradient",0.87,5.74691533863421,-3.97981753055655,-9.72673286919076,9.72673286919076,9.6683941815525
"Opt-in gradient",0.88,5.63628663037926,-3.97981753055655,-9.6161041609358,9.6161041609358,9.56272117131945
"Opt-in gradient",0.89,5.51462174669916,-3.97981753055655,-9.49443927725571,9.49443927725571,9.45031245922018
"Opt-in gradient",0.9,5.39505256872496,-3.97981753055655,-9.37487009928151,9.37487009928151,9.33027267394343
"Opt-in gradient",0.91,5.25818781950463,-3.9798175305566,-9.23800535006123,9.23800535006123,9.20151412331282
"Opt-in gradient",0.92,5.11208293197416,-3.97981753055655,-9.0919004625307,9.0919004625307,9.06260934650967
"Opt-in gradient",0.93,4.95857566554619,-3.97981753055655,-8.93839319610274,8.93839319610274,8.91180474309481
"Opt-in gradient",0.94,4.78139783211839,-3.97981753055655,-8.76121536267493,8.76121536267493,8.74671075106948
"Opt-in gradient",0.95,4.58769960686564,-3.9798175305566,-8.56751713742224,8.56751713742224,8.56404490969314
"Opt-in gradient",0.96,4.37364305694851,-3.9798175305566,-8.35346058750511,8.35346058750511,8.35909255582879
"Opt-in gradient",0.97,4.12338174789053,-3.97981753055655,-8.10319927844708,8.10319927844708,8.12462604236362
"Opt-in gradient",0.98,3.83029033864474,-3.9798175305566,-7.81010786920135,7.81010786920135,7.84832803141813
"Opt-in gradient",0.99,3.45626952419278,-3.97981753055655,-7.43608705474932,7.43608705474932,7.5061851696069
"Opt-in gradient",1,3.06218533809641,-3.97981753055655,-7.04200286865296,7.04200286865296,7.04200286865296
"Eligibility screen (ECONDIS)",0.05,8.49336078430392,1.70520074002047,-6.78816004428344,6.78816004428344,6.73821356206413
"Eligibility screen (ECONDIS)",0.06,8.40961328723913,1.67294218056077,-6.73667110667836,6.73667110667836,6.67745570074636
"Eligibility screen (ECONDIS)",0.07,8.32268046784961,1.63601702638692,-6.68666344146268,6.68666344146268,6.61669783942859
"Eligibility screen (ECONDIS)",0.08,8.24097559975328,1.60433210746089,-6.63664349229239,6.63664349229239,6.55593997811082
"Eligibility screen (ECONDIS)",0.09,8.15290049931031,1.57143851368517,-6.58146198562514,6.58146198562514,6.49518211679306
"Eligibility screen (ECONDIS)",0.1,8.06801515528619,1.53500566470996,-6.53300949057623,6.53300949057623,6.43442425547529
"Eligibility screen (ECONDIS)",0.11,7.97930641019687,1.50578115134681,-6.47352525885006,6.47352525885006,6.37366639415752
"Eligibility screen (ECONDIS)",0.12,7.89209018223528,1.47448057675734,-6.41760960547794,6.41760960547794,6.31290853283975
"Eligibility screen (ECONDIS)",0.13,7.8141354667718,1.43857868387323,-6.37555678289857,6.37555678289857,6.25215067152199
"Eligibility screen (ECONDIS)",0.14,7.7159842837373,1.40534601042879,-6.31063827330851,6.31063827330851,6.19139281020422
"Eligibility screen (ECONDIS)",0.15,7.62973044074045,1.37673195934417,-6.25299848139628,6.25299848139628,6.13063494888645
"Eligibility screen (ECONDIS)",0.16,7.54198047834754,1.33783761714,-6.20414286120754,6.20414286120754,6.06987708756868
"Eligibility screen (ECONDIS)",0.17,7.45382022070751,1.30732973391616,-6.14649048679135,6.14649048679135,6.00911922625092
"Eligibility screen (ECONDIS)",0.18,7.36458533650855,1.27510924946273,-6.08947608704582,6.08947608704582,5.94836136493315
"Eligibility screen (ECONDIS)",0.19,7.27083107747583,1.23673307296372,-6.03409800451212,6.03409800451212,5.88760350361538
"Eligibility screen (ECONDIS)",0.2,7.18410987761186,1.20839352386247,-5.97571635374939,5.97571635374939,5.82684564229762
"Eligibility screen (ECONDIS)",0.21,7.09563908681037,1.17644460281878,-5.91919448399159,5.91919448399159,5.76608778097985
"Eligibility screen (ECONDIS)",0.22,7.003509718294,1.14543641619809,-5.8580733020959,5.8580733020959,5.70532991966208
"Eligibility screen (ECONDIS)",0.23,6.91387092316066,1.10829807010879,-5.80557285305187,5.80557285305187,5.64457205834431
"Eligibility screen (ECONDIS)",0.24,6.81687145441512,1.07937252403639,-5.73749893037873,5.73749893037873,5.58381419702655
"Eligibility screen (ECONDIS)",0.25,6.72877160101618,1.0457176922626,-5.68305390875358,5.68305390875358,5.52305633570878
"Eligibility screen (ECONDIS)",0.26,6.63280719607951,1.00985624717379,-5.62295094890572,5.62295094890572,5.46229847439101
"Eligibility screen (ECONDIS)",0.27,6.54579678112856,0.981315248124872,-5.56448153300369,5.56448153300369,5.40154061307325
"Eligibility screen (ECONDIS)",0.28,6.45310727895443,0.949354500125139,-5.5037527788293,5.5037527788293,5.34078275175548
"Eligibility screen (ECONDIS)",0.29,6.36286503480363,0.913146395552701,-5.44971863925093,5.44971863925093,5.28002489043771
"Eligibility screen (ECONDIS)",0.3,6.26948311836915,0.882834122555892,-5.38664899581326,5.38664899581326,5.21926702911994
"Eligibility screen (ECONDIS)",0.31,6.17911645284804,0.852757788883025,-5.32635866396501,5.32635866396501,5.15850916780218
"Eligibility screen (ECONDIS)",0.32,6.08358325752212,0.816732062870472,-5.26685119465165,5.26685119465165,5.09775130648441
"Eligibility screen (ECONDIS)",0.33,5.99472638718873,0.784442566859525,-5.21028382032921,5.21028382032921,5.03699344516664
"Eligibility screen (ECONDIS)",0.34,5.89873398893377,0.75573831137774,-5.14299567755603,5.14299567755603,4.97623558384887
"Eligibility screen (ECONDIS)",0.35,5.81072162282547,0.721441223790237,-5.08928039903523,5.08928039903523,4.91547772253111
"Eligibility screen (ECONDIS)",0.36,5.71928633723471,0.686850450415932,-5.03243588681877,5.03243588681877,4.85471986121334
"Eligibility screen (ECONDIS)",0.37,5.62789430387627,0.658669072404166,-4.96922523147211,4.96922523147211,4.79396199989557
"Eligibility screen (ECONDIS)",0.38,5.54033753398105,0.624710366012096,-4.91562716796895,4.91562716796895,4.73320413857781
"Eligibility screen (ECONDIS)",0.39,5.44212658290627,0.589525913736452,-4.85260066916982,4.85260066916982,4.67244627726004
"Eligibility screen (ECONDIS)",0.4,5.3519110333221,0.561792347650794,-4.7901186856713,4.7901186856713,4.61168841594227
"Eligibility screen (ECONDIS)",0.41,5.25786975903327,0.528404232560206,-4.72946552647306,4.72946552647306,4.5509305546245
"Eligibility screen (ECONDIS)",0.42,5.16741894447225,0.493466112152475,-4.67395283231977,4.67395283231977,4.49017269330674
"Eligibility screen (ECONDIS)",0.43,5.07870807568793,0.465185185294843,-4.61352289039309,4.61352289039309,4.42941483198897
"Eligibility screen (ECONDIS)",0.44,4.98389445676506,0.432433594619795,-4.55146086214526,4.55146086214526,4.3686569706712
"Eligibility screen (ECONDIS)",0.45,4.89277533584402,0.398357668583969,-4.49441766726005,4.49441766726005,4.30789910935343
"Eligibility screen (ECONDIS)",0.46,4.80204466355946,0.368725568877096,-4.43331909468236,4.43331909468236,4.24714124803567
"Eligibility screen (ECONDIS)",0.47,4.71149399212516,0.336919019305753,-4.3745749728194,4.3745749728194,4.1863833867179
"Eligibility screen (ECONDIS)",0.48,4.61780766069521,0.303945989297688,-4.31386167139752,4.31386167139752,4.12562552540013
"Eligibility screen (ECONDIS)",0.49,4.5266922441406,0.271815474494815,-4.25487676964579,4.25487676964579,4.06486766408237
"Eligibility screen (ECONDIS)",0.5,4.43704517851626,0.242223852902384,-4.19482132561387,4.19482132561387,4.0041098027646
"Eligibility screen (ECONDIS)",0.51,4.34218234733967,0.209721904247601,-4.13246044309207,4.13246044309207,3.94335194144683
"Eligibility screen (ECONDIS)",0.52,4.25408677722902,0.175176819712419,-4.0789099575166,4.0789099575166,3.88259408012906
"Eligibility screen (ECONDIS)",0.53,4.16269338833672,0.146598887712457,-4.01609450062426,4.01609450062426,3.8218362188113
"Eligibility screen (ECONDIS)",0.54,4.07059293575756,0.110788053050157,-3.9598048827074,3.9598048827074,3.76107835749353
"Eligibility screen (ECONDIS)",0.55,3.98179450791133,0.0797798012361568,-3.90201470667517,3.90201470667517,3.70032049617576
"Eligibility screen (ECONDIS)",0.56,3.88810800918068,0.0479336865909659,-3.84017432258972,3.84017432258972,3.639562634858
"Eligibility screen (ECONDIS)",0.57,3.80074072453527,0.0126274018407457,-3.78811332269453,3.78811332269453,3.57880477354023
"Eligibility screen (ECONDIS)",0.58,3.70083633698397,-0.0159179411158448,-3.71675427809981,3.71675427809981,3.51804691222246
"Eligibility screen (ECONDIS)",0.59,3.61349950302187,-0.0502395330753984,-3.66373903609727,3.66373903609727,3.45728905090469
"Eligibility screen (ECONDIS)",0.6,3.51223348000181,-0.0806338059219911,-3.5928672859238,3.5928672859238,3.39653118958693
"Eligibility screen (ECONDIS)",0.61,3.42816995669673,-0.113546646928285,-3.54171660362502,3.54171660362502,3.33577332826916
"Eligibility screen (ECONDIS)",0.62,3.33084643989383,-0.142027049701255,-3.47287348959509,3.47287348959509,3.27501546695139
"Eligibility screen (ECONDIS)",0.63,3.24362566896804,-0.176315948189313,-3.41994161715735,3.41994161715735,3.21425760563363
"Eligibility screen (ECONDIS)",0.64,3.14780243781766,-0.20668646890033,-3.35448890671799,3.35448890671799,3.15349974431586
"Eligibility screen (ECONDIS)",0.65,3.07066093453315,-0.244200097338933,-3.31486103187208,3.31486103187208,3.15927127068984
"Eligibility screen (ECONDIS)",0.66,3.06218533809644,-0.28399926536423,-3.34618460346067,3.34618460346067,3.19679872665145
"Eligibility screen (ECONDIS)",0.67,3.06218533809641,-0.323625109853424,-3.38581044794984,3.38581044794984,3.23585625985483
"Eligibility screen (ECONDIS)",0.68,3.06218533809641,-0.36815283810239,-3.4303381761988,3.4303381761988,3.27654180261062
"Eligibility screen (ECONDIS)",0.69,3.06218533809641,-0.412704309257606,-3.47488964735402,3.47488964735402,3.31896090737407
"Eligibility screen (ECONDIS)",0.7,3.06218533809644,-0.457955858837238,-3.52014119693368,3.52014119693368,3.36324224622006
"Eligibility screen (ECONDIS)",0.71,3.06218533809641,-0.5095949674959,-3.57178030559231,3.57178030559231,3.40950626806109
"Eligibility screen (ECONDIS)",0.72,3.06218533809644,-0.557678422312563,-3.619863760409,3.619863760409,3.45784150055434
"Eligibility screen (ECONDIS)",0.73,3.06218533809644,-0.611760732785513,-3.67394607088195,3.67394607088195,3.50807056271253
"Eligibility screen (ECONDIS)",0.74,3.06218533809641,-0.66717664327814,-3.72936198137455,3.72936198137455,3.56025287842988
"Eligibility screen (ECONDIS)",0.75,3.06218533809641,-0.726364126384397,-3.78854946448081,3.78854946448081,3.61448423434929
"Eligibility screen (ECONDIS)",0.76,3.06218533809644,-0.779453342252339,-3.84163868034878,3.84163868034878,3.67086706600072
"Eligibility screen (ECONDIS)",0.77,3.06218533809644,-0.843715832580813,-3.90590117067725,3.90590117067725,3.72951432556781
"Eligibility screen (ECONDIS)",0.78,3.06218533809641,-0.909854994591001,-3.97204033268741,3.97204033268741,3.79052822838754
"Eligibility screen (ECONDIS)",0.79,3.06218533809641,-0.976388037763456,-4.03857337585987,4.03857337585987,3.85402208085133
"Eligibility screen (ECONDIS)",0.8,3.06218533809641,-1.04476861590359,-4.106953954,4.106953954,3.92013545545226
"Eligibility screen (ECONDIS)",0.81,3.06218533809641,-1.11482377959703,-4.17700911769344,4.17700911769344,3.98897658480647
"Eligibility screen (ECONDIS)",0.82,3.0621853380965,-1.18662905236704,-4.24881439046354,4.24881439046354,4.06069164578235
"Eligibility screen (ECONDIS)",0.83,3.06218533809641,-1.26794061801337,-4.33012595610978,4.33012595610978,4.13540366214665
"Eligibility screen (ECONDIS)",0.84,3.06218533809644,-1.34390528172855,-4.40609061982499,4.40609061982499,4.21327849597789
"Eligibility screen (ECONDIS)",0.85,3.06218533809644,-1.42965317115318,-4.49183850924962,4.49183850924962,4.29444203149683
"Eligibility screen (ECONDIS)",0.86,3.06218533809644,-1.5133188230983,-4.57550416119474,4.57550416119474,4.3790502313161
"Eligibility screen (ECONDIS)",0.87,3.06218533809641,-1.60166199410378,-4.66384733220019,4.66384733220019,4.46746742071788
"Eligibility screen (ECONDIS)",0.88,3.06218533809658,-1.693252554487,-4.75543789258359,4.75543789258359,4.56173602909492
"Eligibility screen (ECONDIS)",0.89,3.06218533809641,-1.79704572768298,-4.8592310657794,4.8592310657794,4.66306748285315
"Eligibility screen (ECONDIS)",0.9,3.06218533809644,-1.8999592812047,-4.96214461930114,4.96214461930114,4.77247703360159
"Eligibility screen (ECONDIS)",0.91,3.06218533809644,-2.01925113639834,-5.08143647449478,5.08143647449478,4.89121589329476
"Eligibility screen (ECONDIS)",0.92,3.06218533809641,-2.14522182386594,-5.20740716196235,5.20740716196235,5.02089702522408
"Eligibility screen (ECONDIS)",0.93,3.06218533809641,-2.28051038539962,-5.34269572349604,5.34269572349604,5.16353852958483
"Eligibility screen (ECONDIS)",0.94,3.06218533809644,-2.42922030795808,-5.49140564605452,5.49140564605452,5.32184909787267
"Eligibility screen (ECONDIS)",0.95,3.06218533809641,-2.59030569219033,-5.65249103028674,5.65249103028674,5.49954052554762
"Eligibility screen (ECONDIS)",0.96,3.06218533809644,-2.78217980288485,-5.8443651409813,5.8443651409813,5.70190781118307
"Eligibility screen (ECONDIS)",0.97,3.06218533809641,-2.99834072963699,-6.06052606773341,6.06052606773341,5.93695265863398
"Eligibility screen (ECONDIS)",0.98,3.06218533809641,-3.25112417149961,-6.31330950959602,6.31330950959602,6.21793010843083
"Eligibility screen (ECONDIS)",0.99,3.06218533809641,-3.56335371912149,-6.62553905721791,6.62553905721791,6.56945551669468
"Eligibility screen (ECONDIS)",1,3.06218533809641,-3.97981753055655,-7.04200286865296,7.04200286865296,7.04200286865296
