"cell","rule","budget","p10","p25","p50","p75","p90"
"Reading G8","Bottom-up (lowest first)",0.1,1,0,0,0,0
"Reading G8","Bottom-up (lowest first)",0.13,1,0,0,0,0
"Reading G8","Bottom-up (lowest first)",0.25,1,1,0,0,0
"Reading G8","Bottom-up (lowest first)",0.5,1,1,1,0,0
"Reading G8","Bottom-up (lowest first)",0.75,1,1,1,1,0
"Reading G8","Bottom-up (lowest first)",1,1,1,1,1,1
"Reading G8","Proportional (untargeted)",0.1,0.1,0.1,0.1,0.1,0.1
"Reading G8","Proportional (untargeted)",0.13,0.13,0.13,0.13,0.13,0.13
"Reading G8","Proportional (untargeted)",0.25,0.25,0.25,0.25,0.25,0.25
"Reading G8","Proportional (untargeted)",0.5,0.5,0.5,0.5,0.5,0.5
"Reading G8","Proportional (untargeted)",0.75,0.75,0.75,0.75,0.75,0.75
"Reading G8","Proportional (untargeted)",1,1,1,1,1,1
"Reading G8","Opt-in gradient",0.1,0.0448668674684944,0.0581222478381981,0.0896367598131124,0.138238781338273,0.179079148810433
"Reading G8","Opt-in gradient",0.13,0.0583269277090427,0.0755589221896576,0.116527787757046,0.179710415739755,0.232802893453563
"Reading G8","Opt-in gradient",0.25,0.112167168671236,0.145305619595495,0.224091899532781,0.345596953345684,0.447697872026082
"Reading G8","Opt-in gradient",0.5,0.224334337342472,0.290611239190991,0.448183799065562,0.691193906691367,0.895395744052165
"Reading G8","Opt-in gradient",0.75,0.392794094520228,0.508840420542322,0.784739204965498,1,1
"Reading G8","Opt-in gradient",1,1,1,1,1,1
"Reading G8","Eligibility screen (ECONDIS)",0.1,0.144931586277887,0.126778842973096,0.100740133446195,0.073286777087619,0.0533299252122721
"Reading G8","Eligibility screen (ECONDIS)",0.13,0.188411062161254,0.164812495865025,0.130962173480054,0.0952728102139046,0.0693289027759537
"Reading G8","Eligibility screen (ECONDIS)",0.25,0.362328965694718,0.316947107432741,0.251850333615488,0.183216942719047,0.13332481303068
"Reading G8","Eligibility screen (ECONDIS)",0.5,0.682099383159755,0.596666143043868,0.474118752494225,0.344913532853937,0.250989518747831
"Reading G8","Eligibility screen (ECONDIS)",0.75,0.682099383159755,0.596666143043868,0.474118752494225,0.344913532853937,0.250989518747831
"Reading G8","Eligibility screen (ECONDIS)",1,0.682099383159755,0.596666143043868,0.474118752494225,0.344913532853937,0.250989518747831
