"rule","budget","group","p10","p25","p50","p75","p90"
"2019",NA,"ED",189.556289582495,209.926576231992,230.555272061931,249.632969594843,265.891661564842
"2024, no program",NA,"ED",181.497137326453,203.931027223511,227.817255214601,249.355880393945,266.852012233391
"Bottom-up (lowest first)",0.05,"ED",181.497137326453,203.931027223511,227.817255214601,249.355880393945,266.852012233391
"Bottom-up (lowest first)",0.06,"ED",183.079442139387,203.931027223511,227.817255214601,249.355880393945,266.852012233391
"Bottom-up (lowest first)",0.07,"ED",184.655103609614,203.931027223511,227.817255214601,249.355880393945,266.852012233391
"Bottom-up (lowest first)",0.08,"ED",186.140362169159,203.931027223511,227.817255214601,249.355880393945,266.852012233391
"Bottom-up (lowest first)",0.09,"ED",186.420753089334,203.931027223511,227.817255214601,249.355880393945,266.852012233391
"Bottom-up (lowest first)",0.1,"ED",186.420753089334,203.931027223511,227.817255214601,249.355880393945,266.852012233391
"Bottom-up (lowest first)",0.11,"ED",186.420753089334,203.931027223511,227.817255214601,249.355880393945,266.852012233391
"Bottom-up (lowest first)",0.12,"ED",186.420753089334,203.931027223511,227.817255214601,249.355880393945,266.852012233391
"Bottom-up (lowest first)",0.13,"ED",186.420753089334,203.931027223511,227.817255214601,249.355880393945,266.852012233391
"Bottom-up (lowest first)",0.14,"ED",186.420753089334,203.964401294569,227.817255214601,249.355880393945,266.852012233391
"Bottom-up (lowest first)",0.15,"ED",186.420753089334,204.814388072545,227.817255214601,249.355880393945,266.852012233391
"Bottom-up (lowest first)",0.16,"ED",186.420753089334,205.636944144284,227.817255214601,249.355880393945,266.852012233391
"Bottom-up (lowest first)",0.17,"ED",186.420753089334,206.437878815616,227.817255214601,249.355880393945,266.852012233391
"Bottom-up (lowest first)",0.18,"ED",186.420753089334,207.226336493593,227.817255214601,249.355880393945,266.852012233391
"Bottom-up (lowest first)",0.19,"ED",186.420753089334,207.99202987697,227.817255214601,249.355880393945,266.852012233391
"Bottom-up (lowest first)",0.2,"ED",186.420753089334,208.751960703211,227.817255214601,249.355880393945,266.852012233391
"Bottom-up (lowest first)",0.21,"ED",186.420753089334,208.854642986393,227.817255214601,249.355880393945,266.852012233391
"Bottom-up (lowest first)",0.22,"ED",186.420753089334,208.854642986393,227.817255214601,249.355880393945,266.852012233391
"Bottom-up (lowest first)",0.23,"ED",186.420753089334,208.854642986393,227.817255214601,249.355880393945,266.852012233391
"Bottom-up (lowest first)",0.24,"ED",186.420753089334,208.854642986393,227.817255214601,249.355880393945,266.852012233391
"Bottom-up (lowest first)",0.25,"ED",186.420753089334,208.854642986393,227.817255214601,249.355880393945,266.852012233391
"Bottom-up (lowest first)",0.26,"ED",186.420753089334,208.854642986393,227.817255214601,249.355880393945,266.852012233391
"Bottom-up (lowest first)",0.27,"ED",186.420753089334,208.854642986393,227.817255214601,249.355880393945,266.852012233391
"Bottom-up (lowest first)",0.28,"ED",186.420753089334,208.854642986393,227.817255214601,249.355880393945,266.852012233391
"Bottom-up (lowest first)",0.29,"ED",186.420753089334,208.854642986393,227.817255214601,249.355880393945,266.852012233391
"Bottom-up (lowest first)",0.3,"ED",186.420753089334,208.854642986393,227.817255214601,249.355880393945,266.852012233391
"Bottom-up (lowest first)",0.31,"ED",186.420753089334,208.854642986393,227.817255214601,249.355880393945,266.852012233391
"Bottom-up (lowest first)",0.32,"ED",186.420753089334,208.854642986393,227.955073787377,249.355880393945,266.852012233391
"Bottom-up (lowest first)",0.33,"ED",186.420753089334,208.854642986393,228.471704679849,249.355880393945,266.852012233391
"Bottom-up (lowest first)",0.34,"ED",186.420753089334,208.854642986393,228.98466890999,249.355880393945,266.852012233391
"Bottom-up (lowest first)",0.35,"ED",186.420753089334,208.854642986393,229.494912381211,249.355880393945,266.852012233391
"Bottom-up (lowest first)",0.36,"ED",186.420753089334,208.854642986393,229.998617677602,249.355880393945,266.852012233391
"Bottom-up (lowest first)",0.37,"ED",186.420753089334,208.854642986393,230.492160353292,249.355880393945,266.852012233391
"Bottom-up (lowest first)",0.38,"ED",186.420753089334,208.854642986393,230.980011820105,249.355880393945,266.852012233391
"Bottom-up (lowest first)",0.39,"ED",186.420753089334,208.854642986393,231.458474576523,249.355880393945,266.852012233391
"Bottom-up (lowest first)",0.4,"ED",186.420753089334,208.854642986393,231.933660457348,249.355880393945,266.852012233391
"Bottom-up (lowest first)",0.41,"ED",186.420753089334,208.854642986393,232.405612857111,249.355880393945,266.852012233391
"Bottom-up (lowest first)",0.42,"ED",186.420753089334,208.854642986393,232.740870977483,249.355880393945,266.852012233391
"Bottom-up (lowest first)",0.43,"ED",186.420753089334,208.854642986393,232.740870977483,249.355880393945,266.852012233391
"Bottom-up (lowest first)",0.44,"ED",186.420753089334,208.854642986393,232.740870977483,249.355880393945,266.852012233391
"Bottom-up (lowest first)",0.45,"ED",186.420753089334,208.854642986393,232.740870977483,249.355880393945,266.852012233391
"Bottom-up (lowest first)",0.46,"ED",186.420753089334,208.854642986393,232.740870977483,249.355880393945,266.852012233391
"Bottom-up (lowest first)",0.47,"ED",186.420753089334,208.854642986393,232.740870977483,249.355880393945,266.852012233391
"Bottom-up (lowest first)",0.48,"ED",186.420753089334,208.854642986393,232.740870977483,249.355880393945,266.852012233391
"Bottom-up (lowest first)",0.49,"ED",186.420753089334,208.854642986393,232.740870977483,249.355880393945,266.852012233391
"Bottom-up (lowest first)",0.5,"ED",186.420753089334,208.854642986393,232.740870977483,249.355880393945,266.852012233391
"Bottom-up (lowest first)",0.51,"ED",186.420753089334,208.854642986393,232.740870977483,249.355880393945,266.852012233391
"Bottom-up (lowest first)",0.52,"ED",186.420753089334,208.854642986393,232.740870977483,249.355880393945,266.852012233391
"Bottom-up (lowest first)",0.53,"ED",186.420753089334,208.854642986393,232.740870977483,249.355880393945,266.852012233391
"Bottom-up (lowest first)",0.54,"ED",186.420753089334,208.854642986393,232.740870977483,249.355880393945,266.852012233391
"Bottom-up (lowest first)",0.55,"ED",186.420753089334,208.854642986393,232.740870977483,249.355880393945,266.852012233391
"Bottom-up (lowest first)",0.56,"ED",186.420753089334,208.854642986393,232.740870977483,249.689466988807,266.852012233391
"Bottom-up (lowest first)",0.57,"ED",186.420753089334,208.854642986393,232.740870977483,250.139500352788,266.852012233391
"Bottom-up (lowest first)",0.58,"ED",186.420753089334,208.854642986393,232.740870977483,250.58859306499,266.852012233391
"Bottom-up (lowest first)",0.59,"ED",186.420753089334,208.854642986393,232.740870977483,251.031451370322,266.852012233391
"Bottom-up (lowest first)",0.6,"ED",186.420753089334,208.854642986393,232.740870977483,251.463714693475,266.852012233391
"Bottom-up (lowest first)",0.61,"ED",186.420753089334,208.854642986393,232.740870977483,251.895490110316,266.852012233391
"Bottom-up (lowest first)",0.62,"ED",186.420753089334,208.854642986393,232.740870977483,252.319253262143,266.852012233391
"Bottom-up (lowest first)",0.63,"ED",186.420753089334,208.854642986393,232.740870977483,252.73950064704,266.852012233391
"Bottom-up (lowest first)",0.64,"ED",186.420753089334,208.854642986393,232.740870977483,253.165974356111,266.852012233391
"Bottom-up (lowest first)",0.65,"ED",186.420753089334,208.854642986393,232.740870977483,253.590571793348,266.852012233391
"Bottom-up (lowest first)",0.66,"ED",186.420753089334,208.854642986393,232.740870977483,254.012384260023,266.852012233391
"Bottom-up (lowest first)",0.67,"ED",186.420753089334,208.854642986393,232.740870977483,254.279496156827,266.852012233391
"Bottom-up (lowest first)",0.68,"ED",186.420753089334,208.854642986393,232.740870977483,254.279496156827,266.852012233391
"Bottom-up (lowest first)",0.69,"ED",186.420753089334,208.854642986393,232.740870977483,254.279496156827,266.852012233391
"Bottom-up (lowest first)",0.7,"ED",186.420753089334,208.854642986393,232.740870977483,254.279496156827,266.852012233391
"Bottom-up (lowest first)",0.71,"ED",186.420753089334,208.854642986393,232.740870977483,254.279496156827,266.852012233391
"Bottom-up (lowest first)",0.72,"ED",186.420753089334,208.854642986393,232.740870977483,254.279496156827,266.852012233391
"Bottom-up (lowest first)",0.73,"ED",186.420753089334,208.854642986393,232.740870977483,254.279496156827,266.852012233391
"Bottom-up (lowest first)",0.74,"ED",186.420753089334,208.854642986393,232.740870977483,254.279496156827,266.852012233391
"Bottom-up (lowest first)",0.75,"ED",186.420753089334,208.854642986393,232.740870977483,254.279496156827,266.852012233391
"Bottom-up (lowest first)",0.76,"ED",186.420753089334,208.854642986393,232.740870977483,254.279496156827,267.328810749702
"Bottom-up (lowest first)",0.77,"ED",186.420753089334,208.854642986393,232.740870977483,254.279496156827,267.865635853534
"Bottom-up (lowest first)",0.78,"ED",186.420753089334,208.854642986393,232.740870977483,254.279496156827,268.400550940566
"Bottom-up (lowest first)",0.79,"ED",186.420753089334,208.854642986393,232.740870977483,254.279496156827,268.927705194288
"Bottom-up (lowest first)",0.8,"ED",186.420753089334,208.854642986393,232.740870977483,254.279496156827,269.458949768983
"Bottom-up (lowest first)",0.81,"ED",186.420753089334,208.854642986393,232.740870977483,254.279496156827,269.988210312021
"Bottom-up (lowest first)",0.82,"ED",186.420753089334,208.854642986393,232.740870977483,254.279496156827,270.521097466213
"Bottom-up (lowest first)",0.83,"ED",186.420753089334,208.854642986393,232.740870977483,254.279496156827,271.053099372955
"Bottom-up (lowest first)",0.84,"ED",186.420753089334,208.854642986393,232.740870977483,254.279496156827,271.601891990595
"Bottom-up (lowest first)",0.85,"ED",186.420753089334,208.854642986393,232.740870977483,254.279496156827,271.775627996273
"Bottom-up (lowest first)",0.86,"ED",186.420753089334,208.854642986393,232.740870977483,254.279496156827,271.775627996273
"Bottom-up (lowest first)",0.87,"ED",186.420753089334,208.854642986393,232.740870977483,254.279496156827,271.775627996273
"Bottom-up (lowest first)",0.88,"ED",186.420753089334,208.854642986393,232.740870977483,254.279496156827,271.775627996273
"Bottom-up (lowest first)",0.89,"ED",186.420753089334,208.854642986393,232.740870977483,254.279496156827,271.775627996273
"Bottom-up (lowest first)",0.9,"ED",186.420753089334,208.854642986393,232.740870977483,254.279496156827,271.775627996273
"Bottom-up (lowest first)",0.91,"ED",186.420753089334,208.854642986393,232.740870977483,254.279496156827,271.775627996273
"Bottom-up (lowest first)",0.92,"ED",186.420753089334,208.854642986393,232.740870977483,254.279496156827,271.775627996273
"Bottom-up (lowest first)",0.93,"ED",186.420753089334,208.854642986393,232.740870977483,254.279496156827,271.775627996273
"Bottom-up (lowest first)",0.94,"ED",186.420753089334,208.854642986393,232.740870977483,254.279496156827,271.775627996273
"Bottom-up (lowest first)",0.95,"ED",186.420753089334,208.854642986393,232.740870977483,254.279496156827,271.775627996273
"Bottom-up (lowest first)",0.96,"ED",186.420753089334,208.854642986393,232.740870977483,254.279496156827,271.775627996273
"Bottom-up (lowest first)",0.97,"ED",186.420753089334,208.854642986393,232.740870977483,254.279496156827,271.775627996273
"Bottom-up (lowest first)",0.98,"ED",186.420753089334,208.854642986393,232.740870977483,254.279496156827,271.775627996273
"Bottom-up (lowest first)",0.99,"ED",186.420753089334,208.854642986393,232.740870977483,254.279496156827,271.775627996273
"Bottom-up (lowest first)",1,"ED",186.420753089334,208.854642986393,232.740870977483,254.279496156827,271.775627996273
"Proportional (untargeted)",0.05,"ED",181.729206442368,204.160907072461,228.062138202753,249.619614464871,267.132865860876
"Proportional (untargeted)",0.06,"ED",181.781838380948,204.212318462281,228.110724397031,249.667431834057,267.183059625575
"Proportional (untargeted)",0.07,"ED",181.815211599273,204.258276885564,228.158721675079,249.719931108331,267.238075528123
"Proportional (untargeted)",0.08,"ED",181.865497346128,204.304298236081,228.207369508435,249.769223099271,267.295426422107
"Proportional (untargeted)",0.09,"ED",181.912650509463,204.353640775037,228.256849479399,249.823455594695,267.349799882461
"Proportional (untargeted)",0.1,"ED",181.952181607508,204.398642059093,228.3069304281,249.873960310553,267.406457640913
"Proportional (untargeted)",0.11,"ED",182.001434131949,204.446098433966,228.356248807492,249.925965847492,267.460659571235
"Proportional (untargeted)",0.12,"ED",182.051992796091,204.492433421741,228.404792278242,249.980702779711,267.514132385937
"Proportional (untargeted)",0.13,"ED",182.097652167,204.540657353976,228.454721882117,250.028917687629,267.562867251403
"Proportional (untargeted)",0.14,"ED",182.14159345668,204.590425259448,228.502534290646,250.080164767349,267.628612424769
"Proportional (untargeted)",0.15,"ED",182.190524948602,204.63353220843,228.551084380846,250.130222430869,267.677347171742
"Proportional (untargeted)",0.16,"ED",182.240154215434,204.684590082803,228.600241229139,250.183627028029,267.730544083185
"Proportional (untargeted)",0.17,"ED",182.284451380945,204.729311907759,228.650501245199,250.232902294777,267.784045673767
"Proportional (untargeted)",0.18,"ED",182.329783215087,204.777093719677,228.700324774842,250.284979375644,267.838827518528
"Proportional (untargeted)",0.19,"ED",182.380353323524,204.82349649789,228.749596912531,250.335142853112,267.893751178051
"Proportional (untargeted)",0.2,"ED",182.42813478035,204.87299692194,228.798963913904,250.386082594947,267.947452843132
"Proportional (untargeted)",0.21,"ED",182.470773742786,204.920280965566,228.848984986195,250.438301176171,268.000285290489
"Proportional (untargeted)",0.22,"ED",182.518721568452,204.967596157183,228.899467768075,250.486735915799,268.052511361591
"Proportional (untargeted)",0.23,"ED",182.569737260322,205.015532726453,228.949420857399,250.53958197387,268.104637540652
"Proportional (untargeted)",0.24,"ED",182.612656375565,205.063235688752,228.996191963937,250.588526865066,268.157218683866
"Proportional (untargeted)",0.25,"ED",182.658717275913,205.11364425716,229.044083739788,250.63874519672,268.210047251608
"Proportional (untargeted)",0.26,"ED",182.710290407488,205.158548137483,229.094716338668,250.688885305192,268.262908188799
"Proportional (untargeted)",0.27,"ED",182.754690520558,205.207141764485,229.145024380117,250.738673316457,268.315597426451
"Proportional (untargeted)",0.28,"ED",182.799622178976,205.25424693541,229.194554654599,250.788049614511,268.367921413517
"Proportional (untargeted)",0.29,"ED",182.850501151235,205.304798774008,229.243508106701,250.839362751083,268.419696648744
"Proportional (untargeted)",0.3,"ED",182.896254682927,205.35201638261,229.292710185298,250.887311868364,268.470749212514
"Proportional (untargeted)",0.31,"ED",182.940842645128,205.399932315779,229.342124330208,250.939791109158,268.522831665713
"Proportional (untargeted)",0.32,"ED",182.990947231499,205.4475562428,229.392010267947,250.987598923595,268.576021333966
"Proportional (untargeted)",0.33,"ED",183.03683588213,205.496375480998,229.441723855389,251.039803500223,268.628611780191
"Proportional (untargeted)",0.34,"ED",183.081929211029,205.54474595207,229.491285381986,251.0872589646,268.679780659371
"Proportional (untargeted)",0.35,"ED",183.132057664015,205.593022782739,229.540784914689,251.138764194934,268.731168733563
"Proportional (untargeted)",0.36,"ED",183.176889564224,205.644243975051,229.59039572694,251.186368861334,268.783301196752
"Proportional (untargeted)",0.37,"ED",183.224113251251,205.691130027771,229.640088329735,251.237680125236,268.833436839204
"Proportional (untargeted)",0.38,"ED",183.274093205552,205.740016386623,229.689805402936,251.285077366381,268.87914160537
"Proportional (untargeted)",0.39,"ED",183.320502013129,205.788098850283,229.73922949338,251.335470065534,268.933443454796
"Proportional (untargeted)",0.4,"ED",183.369672790803,205.836286782626,229.788636651715,251.383601966569,268.98668466323
"Proportional (untargeted)",0.41,"ED",183.417888575729,205.8839175084,229.838064245792,251.43325643409,269.035725811672
"Proportional (untargeted)",0.42,"ED",183.467701058543,205.934169302208,229.887697774527,251.482225734542,269.085621907627
"Proportional (untargeted)",0.43,"ED",183.51548077209,205.981412070407,229.937393013335,251.530841873637,269.134524871995
"Proportional (untargeted)",0.44,"ED",183.563844790327,206.032016078081,229.987003206729,251.581294180379,269.185898381031
"Proportional (untargeted)",0.45,"ED",183.612760471006,206.079873554599,230.036500488304,251.628593643705,269.238265435812
"Proportional (untargeted)",0.46,"ED",183.65771750514,206.129661494414,230.086036066576,251.678293938717,269.283000022072
"Proportional (untargeted)",0.47,"ED",183.707395221053,206.179003062545,230.135663068628,251.726936949498,269.335213244005
"Proportional (untargeted)",0.48,"ED",183.750861879044,206.227303310208,230.185375481334,251.774887849439,269.384841780922
"Proportional (untargeted)",0.49,"ED",183.804289839102,206.277781999104,230.234830588685,251.824427386134,269.433140684637
"Proportional (untargeted)",0.5,"ED",183.852488515728,206.325166908583,230.284064447456,251.872320567622,269.481644977816
"Proportional (untargeted)",0.51,"ED",183.904923864056,206.376449044371,230.333184483002,251.920331119175,269.533833863085
"Proportional (untargeted)",0.52,"ED",183.951031596064,206.423505915661,230.382400025317,251.969504985701,269.579063710497
"Proportional (untargeted)",0.53,"ED",184.001267364995,206.47527129969,230.432152920639,252.017796583821,269.630372162623
"Proportional (untargeted)",0.54,"ED",184.046081131657,206.522446469436,230.481969294308,252.064948244644,269.677839053621
"Proportional (untargeted)",0.55,"ED",184.09679550069,206.574544906513,230.531842466603,252.11516709374,269.725056596312
"Proportional (untargeted)",0.56,"ED",184.145193718853,206.622747442846,230.580911828777,252.164387608838,269.775552957191
"Proportional (untargeted)",0.57,"ED",184.19713676674,206.674595665282,230.62972853935,252.212181623488,269.822290365701
"Proportional (untargeted)",0.58,"ED",184.247427475657,206.723209556655,230.678466174431,252.261043154725,269.871622360448
"Proportional (untargeted)",0.59,"ED",184.294453134283,206.774859359012,230.727589913665,252.310044751004,269.917767737104
"Proportional (untargeted)",0.6,"ED",184.344264923876,206.823440397727,230.77746766378,252.357753593835,269.968120396936
"Proportional (untargeted)",0.61,"ED",184.390406002352,206.873586370711,230.827377879602,252.405141776866,270.011701053654
"Proportional (untargeted)",0.62,"ED",184.445511810424,206.922988852668,230.877313214818,252.451714066172,270.063560358673
"Proportional (untargeted)",0.63,"ED",184.495605283406,206.971284369439,230.925988550155,252.502115642455,270.108709503199
"Proportional (untargeted)",0.64,"ED",184.543277693552,207.022932763439,230.974522073507,252.551382568271,270.156343024377
"Proportional (untargeted)",0.65,"ED",184.59354945556,207.071155418299,231.023014336307,252.599161071504,270.202117376566
"Proportional (untargeted)",0.66,"ED",184.64341939276,207.124450913086,231.072170706749,252.647166131239,270.250151254766
"Proportional (untargeted)",0.67,"ED",184.695725180467,207.173606606982,231.122070057209,252.696240735489,270.296338746019
"Proportional (untargeted)",0.68,"ED",184.747089770886,207.223518191197,231.17196779353,252.742476832132,270.339700987099
"Proportional (untargeted)",0.69,"ED",184.795927276287,207.273677320391,231.221805265472,252.791729846499,270.393132537556
"Proportional (untargeted)",0.7,"ED",184.844367017379,207.324417199215,231.270209718856,252.840152096673,270.43490051201
"Proportional (untargeted)",0.71,"ED",184.900682814657,207.374645660647,231.31860480815,252.887861821351,270.481539824087
"Proportional (untargeted)",0.72,"ED",184.949911365844,207.425257313926,231.366999519048,252.936257903893,270.527529047911
"Proportional (untargeted)",0.73,"ED",185.000837943367,207.475244232931,231.416238686242,252.983770931955,270.572698969532
"Proportional (untargeted)",0.74,"ED",185.051579078217,207.52490105355,231.466045590408,253.031055075707,270.61890133422
"Proportional (untargeted)",0.75,"ED",185.105385697105,207.577881833194,231.515813733381,253.080963123557,270.663136707241
"Proportional (untargeted)",0.76,"ED",185.154536039045,207.626777709874,231.565350290703,253.129135067861,270.709867675013
"Proportional (untargeted)",0.77,"ED",185.208008755829,207.678096557777,231.613728572634,253.176460654642,270.754181771042
"Proportional (untargeted)",0.78,"ED",185.258857509605,207.728325308704,231.66214077324,253.224053684249,270.799689325126
"Proportional (untargeted)",0.79,"ED",185.307645217938,207.77636705198,231.710596544802,253.271416791795,270.845654440249
"Proportional (untargeted)",0.8,"ED",185.364685121038,207.830577269875,231.759885862088,253.319951615224,270.89016520606
"Proportional (untargeted)",0.81,"ED",185.414778231842,207.880633946931,231.809475481128,253.369073963246,270.934973938679
"Proportional (untargeted)",0.82,"ED",185.466726958008,207.933001828361,231.858986124713,253.416169855068,270.981211478711
"Proportional (untargeted)",0.83,"ED",185.516872760135,207.982175769523,231.908187240159,253.462887860147,271.024759063447
"Proportional (untargeted)",0.84,"ED",185.570110287418,208.033569881544,231.956702620981,253.513569110901,271.069618069684
"Proportional (untargeted)",0.85,"ED",185.621063323194,208.084623713998,232.005298270447,253.564146372287,271.116612752929
"Proportional (untargeted)",0.86,"ED",185.678488614696,208.134050502789,232.053984507434,253.607186440834,271.154370597699
"Proportional (untargeted)",0.87,"ED",185.727290762611,208.186632140822,232.103199972503,253.656799591434,271.205520304796
"Proportional (untargeted)",0.88,"ED",185.787052825541,208.236177821266,232.152436675393,253.70640539814,271.246839756086
"Proportional (untargeted)",0.89,"ED",185.833420311869,208.291162491244,232.20155112136,253.751414225573,271.291559568575
"Proportional (untargeted)",0.9,"ED",185.886790277554,208.340213707346,232.250467102867,253.800307555404,271.334996558819
"Proportional (untargeted)",0.91,"ED",185.939672515779,208.388550254632,232.299293645116,253.849324585691,271.384289307853
"Proportional (untargeted)",0.92,"ED",185.986209924258,208.443270810338,232.348249873187,253.89543243823,271.421940318912
"Proportional (untargeted)",0.93,"ED",186.046442595068,208.492594555613,232.397346772551,253.943981705057,271.471788969764
"Proportional (untargeted)",0.94,"ED",186.094099168243,208.547771360657,232.446264483972,253.992785371042,271.512446353479
"Proportional (untargeted)",0.95,"ED",186.153588111977,208.596861985264,232.4950018475,254.03909518505,271.558096111423
"Proportional (untargeted)",0.96,"ED",186.201731124798,208.645729925823,232.543570605424,254.087671843481,271.597712509309
"Proportional (untargeted)",0.97,"ED",186.260942784316,208.700158458476,232.592345139582,254.136634369678,271.648801861117
"Proportional (untargeted)",0.98,"ED",186.309282017369,208.748992406466,232.641667697987,254.182227515763,271.687430050159
"Proportional (untargeted)",0.99,"ED",186.368310934453,208.804347951241,232.691172426598,254.23120279579,271.732873742828
"Proportional (untargeted)",1,"ED",186.420753089334,208.854642986393,232.740870977483,254.279496156827,271.775627996273
"Opt-in gradient",0.05,"ED",181.604685164133,204.044588672332,227.984115584518,249.628399968703,267.251081801601
"Opt-in gradient",0.06,"ED",181.620664985786,204.068567103644,228.017823518549,249.678909213461,267.337497487629
"Opt-in gradient",0.07,"ED",181.637801667635,204.092462606844,228.051576889323,249.73461377963,267.415725515307
"Opt-in gradient",0.08,"ED",181.660066687734,204.1162899357,228.085349059266,249.786146421077,267.495816609851
"Opt-in gradient",0.09,"ED",181.682000673731,204.138095262429,228.119114333325,249.841866302908,267.57796249922
"Opt-in gradient",0.1,"ED",181.703604312807,204.159934439229,228.152258042478,249.897323942191,267.658366981911
"Opt-in gradient",0.11,"ED",181.724878273654,204.184029179251,228.186190282237,249.950346554979,267.735503535718
"Opt-in gradient",0.12,"ED",181.745823206467,204.208139743574,228.219945956908,250.005616888378,267.818889733472
"Opt-in gradient",0.13,"ED",181.766439742951,204.232281543142,228.253762105211,250.060217076754,267.898465981284
"Opt-in gradient",0.14,"ED",181.785571928793,204.253962698972,228.287725998894,250.113146340127,267.977859077751
"Opt-in gradient",0.15,"ED",181.80596278438,204.275306243996,228.321857162845,250.168221934018,268.059386768461
"Opt-in gradient",0.16,"ED",181.827277363473,204.299892361115,228.356174145051,250.221362372376,268.13823837403
"Opt-in gradient",0.17,"ED",181.848318791037,204.324597384069,228.390694519652,250.277383465515,268.216844283914
"Opt-in gradient",0.18,"ED",181.869087543273,204.349437438915,228.425434880715,250.334745223067,268.29643716959
"Opt-in gradient",0.19,"ED",181.889584081182,204.370516586473,228.460410826288,250.385982194782,268.377619895948
"Opt-in gradient",0.2,"ED",181.910148324214,204.390763879441,228.489344026807,250.441991244179,268.454385538124
"Opt-in gradient",0.21,"ED",181.931023491377,204.416242753768,228.524757939554,250.493975635468,268.537780536323
"Opt-in gradient",0.22,"ED",181.952136693367,204.441948303315,228.560018406352,250.549985837695,268.614064972041
"Opt-in gradient",0.23,"ED",181.973176611508,204.467547499276,228.595115303778,250.601698032633,268.693674007673
"Opt-in gradient",0.24,"ED",181.993999550619,204.487841490887,228.630039543559,250.658625485949,268.770641453517
"Opt-in gradient",0.25,"ED",182.01454296217,204.509337998242,228.664783071468,250.714127107284,268.85075922933
"Opt-in gradient",0.26,"ED",182.035036477645,204.53423825364,228.699283875264,250.767689915924,268.930979358288
"Opt-in gradient",0.27,"ED",182.055714968057,204.558812544375,228.734016360877,250.824736268838,269.004796668337
"Opt-in gradient",0.28,"ED",182.076578189812,204.583043313037,228.769042204218,250.87655238537,269.085610758544
"Opt-in gradient",0.29,"ED",182.097625911229,204.606032280278,228.804365736918,250.932622782623,269.164780225908
"Opt-in gradient",0.3,"ED",182.118788215763,204.629363644276,228.83964700396,250.985294240422,269.241338970253
"Opt-in gradient",0.31,"ED",182.139736414564,204.652741513029,228.874171651193,251.040879621295,269.31804835676
"Opt-in gradient",0.32,"ED",182.160523348855,204.676567560365,228.908451933026,251.094571290166,269.395002722115
"Opt-in gradient",0.33,"ED",182.181149220072,204.699530846075,228.942488363427,251.149369946309,269.474189853561
"Opt-in gradient",0.34,"ED",182.201614221027,204.721733443119,228.977554737416,251.204796442405,269.551992723154
"Opt-in gradient",0.35,"ED",182.222120888087,204.746794858892,229.010126602103,251.259438651706,269.628506172463
"Opt-in gradient",0.36,"ED",182.24275848378,204.772408698201,229.046160198317,251.315208697735,269.707155608928
"Opt-in gradient",0.37,"ED",182.263525518475,204.798594347756,229.082590396442,251.370049362434,269.781185113807
"Opt-in gradient",0.38,"ED",182.284696992223,204.819230861103,229.118844745449,251.424989872945,269.857092563217
"Opt-in gradient",0.39,"ED",182.306010874622,204.842041075013,229.153637295247,251.481141160149,269.935051287151
"Opt-in gradient",0.4,"ED",182.327218741189,204.866607738548,229.188210155094,251.534449512586,270.011329798837
"Opt-in gradient",0.41,"ED",182.348320717661,204.890509332565,229.223031905819,251.590715069562,270.08572174247
"Opt-in gradient",0.42,"ED",182.369316924433,204.913725638895,229.259209985777,251.644541356116,270.161047391485
"Opt-in gradient",0.43,"ED",182.390207476564,204.937526727956,229.295249489673,251.69975383501,270.237027973309
"Opt-in gradient",0.44,"ED",182.410992483774,204.962286870229,229.330826986383,251.755690771516,270.313166482198
"Opt-in gradient",0.45,"ED",182.430144469246,204.987816747027,229.366081992302,251.808924071456,270.389060862409
"Opt-in gradient",0.46,"ED",182.450340210779,205.014131748081,229.401557377895,251.866533187453,270.460740995361
"Opt-in gradient",0.47,"ED",182.472482465893,205.033429737877,229.437478459695,251.922303194373,270.534586319549
"Opt-in gradient",0.48,"ED",182.49457397156,205.05859393237,229.473289380793,251.977266510257,270.608311836111
"Opt-in gradient",0.49,"ED",182.516614824003,205.082891162245,229.50904154275,252.035034387113,270.678516157083
"Opt-in gradient",0.5,"ED",182.538605117394,205.106528311844,229.544944528797,252.089319858567,270.754352353633
"Opt-in gradient",0.51,"ED",182.560544943855,205.130298039242,229.580832860538,252.145294408667,270.83010015514
"Opt-in gradient",0.52,"ED",182.578314811223,205.153733194509,229.616590391031,252.202091544202,270.905738229189
"Opt-in gradient",0.53,"ED",182.592904598029,205.179672147408,229.652564944044,252.256787429534,270.97881007735
"Opt-in gradient",0.54,"ED",182.616342762416,205.205366316468,229.688836592181,252.312394958611,271.057466250257
"Opt-in gradient",0.55,"ED",182.639785833336,205.230063720978,229.724870181186,252.369493926876,271.127521765909
"Opt-in gradient",0.56,"ED",182.66421709058,205.253700205462,229.762488484327,252.430612423203,271.204007092189
"Opt-in gradient",0.57,"ED",182.690790926253,205.284045686875,229.807778972006,252.498659333406,271.293902478156
"Opt-in gradient",0.58,"ED",182.716729443843,205.31769539017,229.853745290527,252.570830067715,271.386697084692
"Opt-in gradient",0.59,"ED",182.745026974653,205.344105829121,229.901762572728,252.645379251314,271.483255323927
"Opt-in gradient",0.6,"ED",182.775053175112,205.380054829185,229.950825973759,252.71998733911,271.575687157959
"Opt-in gradient",0.61,"ED",182.802327511652,205.415907546664,230.001517334512,252.801782525307,271.676726538143
"Opt-in gradient",0.62,"ED",182.833217910318,205.450063987032,230.053768684986,252.882705956183,271.740178642618
"Opt-in gradient",0.63,"ED",182.868260769921,205.486128277014,230.107925343275,252.970134981143,271.771734209582
"Opt-in gradient",0.64,"ED",182.896490237821,205.523358676739,230.163275042263,253.055760634012,271.775627996273
"Opt-in gradient",0.65,"ED",182.928966997099,205.561279539428,230.221023222506,253.145308130583,271.775627996273
"Opt-in gradient",0.66,"ED",182.964933551777,205.602879131116,230.280402501293,253.241457712918,271.775627996273
"Opt-in gradient",0.67,"ED",182.999955114882,205.644854603356,230.341763775212,253.337026261,271.775627996273
"Opt-in gradient",0.68,"ED",183.036854942001,205.686605776011,230.405931301881,253.435676519258,271.775627996273
"Opt-in gradient",0.69,"ED",183.076453789061,205.73218168373,230.47218856379,253.544170669492,271.775627996273
"Opt-in gradient",0.7,"ED",183.113946605748,205.778550565929,230.540433832165,253.650273084135,271.775627996273
"Opt-in gradient",0.71,"ED",183.155190478764,205.825022800493,230.609787455677,253.762504937127,271.775627996273
"Opt-in gradient",0.72,"ED",183.197582809274,205.874631025784,230.684263573809,253.878710743582,271.775627996273
"Opt-in gradient",0.73,"ED",183.240946622676,205.926107283153,230.760280434,254.00263164469,271.775627996273
"Opt-in gradient",0.74,"ED",183.288719444864,205.979988058296,230.838797566125,254.120859933469,271.775627996273
"Opt-in gradient",0.75,"ED",183.336391864602,206.034910967785,230.920923338145,254.208347471214,271.775627996273
"Opt-in gradient",0.76,"ED",183.381821255864,206.091163310199,231.00702591404,254.261107056337,271.775627996273
"Opt-in gradient",0.77,"ED",183.433371312833,206.153422017698,231.096877472695,254.279383353184,271.775627996273
"Opt-in gradient",0.78,"ED",183.486802740277,206.214327957992,231.189655192835,254.279496156827,271.775627996273
"Opt-in gradient",0.79,"ED",183.543167885741,206.281222923185,231.289137368225,254.279496156827,271.775627996273
"Opt-in gradient",0.8,"ED",183.601007110643,206.350045263759,231.390402865495,254.279496156827,271.775627996273
"Opt-in gradient",0.81,"ED",183.66064856963,206.4230640368,231.498539127796,254.279496156827,271.775627996273
"Opt-in gradient",0.82,"ED",183.727973952022,206.498423532087,231.609098836684,254.279496156827,271.775627996273
"Opt-in gradient",0.83,"ED",183.792926114052,206.578610703356,231.727351967982,254.279496156827,271.775627996273
"Opt-in gradient",0.84,"ED",183.865005794751,206.663681672258,231.852268950074,254.279496156827,271.775627996273
"Opt-in gradient",0.85,"ED",183.93745975202,206.752655617802,231.984919281122,254.279496156827,271.775627996273
"Opt-in gradient",0.86,"ED",184.021425475864,206.844428325144,232.124699485487,254.279496156827,271.775627996273
"Opt-in gradient",0.87,"ED",184.098846908235,206.945083361297,232.272806194065,254.279496156827,271.775627996273
"Opt-in gradient",0.88,"ED",184.188704289762,207.050196743975,232.43127204201,254.279496156827,271.775627996273
"Opt-in gradient",0.89,"ED",184.285202187062,207.16444561739,232.593911814448,254.279496156827,271.775627996273
"Opt-in gradient",0.9,"ED",184.386514377176,207.285512885648,232.702145834826,254.279496156827,271.775627996273
"Opt-in gradient",0.91,"ED",184.497495243753,207.416652580979,232.740805551093,254.279496156827,271.775627996273
"Opt-in gradient",0.92,"ED",184.613608737685,207.559205981562,232.740870977483,254.279496156827,271.775627996273
"Opt-in gradient",0.93,"ED",184.746856404911,207.7154638359,232.740870977483,254.279496156827,271.775627996273
"Opt-in gradient",0.94,"ED",184.886919962531,207.885575623784,232.740870977483,254.279496156827,271.775627996273
"Opt-in gradient",0.95,"ED",185.04661132713,208.078987039653,232.740870977483,254.279496156827,271.775627996273
"Opt-in gradient",0.96,"ED",185.230956297495,208.296315903742,232.740870977483,254.279496156827,271.775627996273
"Opt-in gradient",0.97,"ED",185.436476663258,208.547746420869,232.740870977483,254.279496156827,271.775627996273
"Opt-in gradient",0.98,"ED",185.681755730678,208.811204533262,232.740870977483,254.279496156827,271.775627996273
"Opt-in gradient",0.99,"ED",185.985767745496,208.854642986393,232.740870977483,254.279496156827,271.775627996273
"Opt-in gradient",1,"ED",186.420753089334,208.854642986393,232.740870977483,254.279496156827,271.775627996273
"Eligibility screen (ECONDIS)",0.05,"ED",181.953934071361,204.40215709553,228.31107332751,249.875938166342,267.410241992475
"Eligibility screen (ECONDIS)",0.06,"ED",182.05585535011,204.494608432121,228.411768420686,249.982996881454,267.522481629573
"Eligibility screen (ECONDIS)",0.07,"ED",182.144738389963,204.595021833665,228.506437259636,250.087686794969,267.628649253542
"Eligibility screen (ECONDIS)",0.08,"ED",182.242856703997,204.690127685661,228.607765048328,250.189982688139,267.73612919021
"Eligibility screen (ECONDIS)",0.09,"ED",182.336426524263,204.786525912847,228.708098287952,250.292666486708,267.847361297892
"Eligibility screen (ECONDIS)",0.1,"ED",182.430505733803,204.880770497276,228.807509382064,250.394991232548,267.955002383661
"Eligibility screen (ECONDIS)",0.11,"ED",182.52697537451,204.977396301729,228.908256303822,250.495940202147,268.065684556453
"Eligibility screen (ECONDIS)",0.12,"ED",182.616681715382,205.073639610197,229.005715952292,250.59961813613,268.172789700543
"Eligibility screen (ECONDIS)",0.13,"ED",182.71471478756,205.169587785851,229.10471574749,250.699021397537,268.276478255395
"Eligibility screen (ECONDIS)",0.14,"ED",182.810929494367,205.266436043764,229.205439342516,250.799626121959,268.381329014124
"Eligibility screen (ECONDIS)",0.15,"ED",182.902481162462,205.365222865138,229.306099401322,250.902056660443,268.486068124158
"Eligibility screen (ECONDIS)",0.16,"ED",183.003106046454,205.460268368414,229.406193643343,251.002518156649,268.592079952135
"Eligibility screen (ECONDIS)",0.17,"ED",183.098591565233,205.556522827977,229.505977959199,251.101574409186,268.695299748629
"Eligibility screen (ECONDIS)",0.18,"ED",183.19706733271,205.656828584711,229.60608866764,251.201013412759,268.797260829537
"Eligibility screen (ECONDIS)",0.19,"ED",183.292256539245,205.756694701883,229.706191984814,251.300764026202,268.899579968239
"Eligibility screen (ECONDIS)",0.2,"ED",183.385722273453,205.855875288625,229.805990774255,251.40064073431,269.004059206875
"Eligibility screen (ECONDIS)",0.21,"ED",183.480334062085,205.953448218965,229.905855708248,251.500147128288,269.102745130022
"Eligibility screen (ECONDIS)",0.22,"ED",183.58205895706,206.05159026594,230.006001009714,251.599566422504,269.20481386015
"Eligibility screen (ECONDIS)",0.23,"ED",183.678656769052,206.150307931016,230.105926004115,251.69898603962,269.304896847779
"Eligibility screen (ECONDIS)",0.24,"ED",183.772850742035,206.249368785289,230.205506211594,251.796295352494,269.407964351582
"Eligibility screen (ECONDIS)",0.25,"ED",183.873257213501,206.348512129588,230.305525306434,251.893733136348,269.503640960758
"Eligibility screen (ECONDIS)",0.26,"ED",183.973973755075,206.447448370195,230.405707971915,251.991806327627,269.601897642539
"Eligibility screen (ECONDIS)",0.27,"ED",184.070949526612,206.54693923769,230.505572472328,252.08998666265,269.70260758682
"Eligibility screen (ECONDIS)",0.28,"ED",184.172150598639,206.648331515545,230.604537264915,252.185956488772,269.798484477975
"Eligibility screen (ECONDIS)",0.29,"ED",184.272857258564,206.75127069292,230.703264796576,252.284390253704,269.895877115951
"Eligibility screen (ECONDIS)",0.3,"ED",184.36790376719,206.850128071967,230.802975860909,252.38286711562,269.992473001742
"Eligibility screen (ECONDIS)",0.31,"ED",184.471677166361,206.948829235043,230.903186977138,252.479901433477,270.086365760782
"Eligibility screen (ECONDIS)",0.32,"ED",184.571849501788,207.050528325078,231.003330352068,252.578527171023,270.183868072618
"Eligibility screen (ECONDIS)",0.33,"ED",184.675264999901,207.152192403329,231.101665050061,252.674716937965,270.276640441005
"Eligibility screen (ECONDIS)",0.34,"ED",184.775459076082,207.253658295684,231.199904680793,252.771786981793,270.371376662039
"Eligibility screen (ECONDIS)",0.35,"ED",184.880946884903,207.355026591912,231.298828073897,252.868891854587,270.464509285501
"Eligibility screen (ECONDIS)",0.36,"ED",184.978959328408,207.457714519999,231.39885882943,252.968034615686,270.555762960315
"Eligibility screen (ECONDIS)",0.37,"ED",185.084418190252,207.559023361234,231.498789263151,253.063155691047,270.647651135885
"Eligibility screen (ECONDIS)",0.38,"ED",185.188955363083,207.65832982268,231.597349522115,253.159455992533,270.738655633575
"Eligibility screen (ECONDIS)",0.39,"ED",185.290509919404,207.762392394927,231.695478432238,253.259503807621,270.830118051559
"Eligibility screen (ECONDIS)",0.4,"ED",185.397357034873,207.865326194945,231.793807791873,253.354015550704,270.921957208716
"Eligibility screen (ECONDIS)",0.41,"ED",185.50378049521,207.967973583084,231.893417437101,253.450839305985,271.011978584803
"Eligibility screen (ECONDIS)",0.42,"ED",185.60942068567,208.071139629861,231.992788405948,253.548495036584,271.1018986991
"Eligibility screen (ECONDIS)",0.43,"ED",185.715835719804,208.174426161778,232.091579036282,253.64463585569,271.193473017473
"Eligibility screen (ECONDIS)",0.44,"ED",185.822866226646,208.280030668438,232.190006344276,253.739100982429,271.283858431541
"Eligibility screen (ECONDIS)",0.45,"ED",185.92979105893,208.377439719034,232.288724348182,253.839291242609,271.370804752237
"Eligibility screen (ECONDIS)",0.46,"ED",186.037254098365,208.482327282143,232.387608515822,253.934409490404,271.461981432773
"Eligibility screen (ECONDIS)",0.47,"ED",186.14539844775,208.587459381278,232.486132197091,254.031263060796,271.5519503257
"Eligibility screen (ECONDIS)",0.48,"ED",186.254396012161,208.692055848106,232.584290140417,254.12796348612,271.637533928478
"Eligibility screen (ECONDIS)",0.49,"ED",186.364449541642,208.79652640087,232.683456902918,254.22453050157,271.729103884768
"Eligibility screen (ECONDIS)",0.5,"ED",186.420753089334,208.854642986393,232.740870977483,254.279496156827,271.775627996273
"Eligibility screen (ECONDIS)",0.51,"ED",186.420753089334,208.854642986393,232.740870977483,254.279496156827,271.775627996273
"Eligibility screen (ECONDIS)",0.52,"ED",186.420753089334,208.854642986393,232.740870977483,254.279496156827,271.775627996273
"Eligibility screen (ECONDIS)",0.53,"ED",186.420753089334,208.854642986393,232.740870977483,254.279496156827,271.775627996273
"Eligibility screen (ECONDIS)",0.54,"ED",186.420753089334,208.854642986393,232.740870977483,254.279496156827,271.775627996273
"Eligibility screen (ECONDIS)",0.55,"ED",186.420753089334,208.854642986393,232.740870977483,254.279496156827,271.775627996273
"Eligibility screen (ECONDIS)",0.56,"ED",186.420753089334,208.854642986393,232.740870977483,254.279496156827,271.775627996273
"Eligibility screen (ECONDIS)",0.57,"ED",186.420753089334,208.854642986393,232.740870977483,254.279496156827,271.775627996273
"Eligibility screen (ECONDIS)",0.58,"ED",186.420753089334,208.854642986393,232.740870977483,254.279496156827,271.775627996273
"Eligibility screen (ECONDIS)",0.59,"ED",186.420753089334,208.854642986393,232.740870977483,254.279496156827,271.775627996273
"Eligibility screen (ECONDIS)",0.6,"ED",186.420753089334,208.854642986393,232.740870977483,254.279496156827,271.775627996273
"Eligibility screen (ECONDIS)",0.61,"ED",186.420753089334,208.854642986393,232.740870977483,254.279496156827,271.775627996273
"Eligibility screen (ECONDIS)",0.62,"ED",186.420753089334,208.854642986393,232.740870977483,254.279496156827,271.775627996273
"Eligibility screen (ECONDIS)",0.63,"ED",186.420753089334,208.854642986393,232.740870977483,254.279496156827,271.775627996273
"Eligibility screen (ECONDIS)",0.64,"ED",186.420753089334,208.854642986393,232.740870977483,254.279496156827,271.775627996273
"Eligibility screen (ECONDIS)",0.65,"ED",186.420753089334,208.854642986393,232.740870977483,254.279496156827,271.775627996273
"Eligibility screen (ECONDIS)",0.66,"ED",186.420753089334,208.854642986393,232.740870977483,254.279496156827,271.775627996273
"Eligibility screen (ECONDIS)",0.67,"ED",186.420753089334,208.854642986393,232.740870977483,254.279496156827,271.775627996273
"Eligibility screen (ECONDIS)",0.68,"ED",186.420753089334,208.854642986393,232.740870977483,254.279496156827,271.775627996273
"Eligibility screen (ECONDIS)",0.69,"ED",186.420753089334,208.854642986393,232.740870977483,254.279496156827,271.775627996273
"Eligibility screen (ECONDIS)",0.7,"ED",186.420753089334,208.854642986393,232.740870977483,254.279496156827,271.775627996273
"Eligibility screen (ECONDIS)",0.71,"ED",186.420753089334,208.854642986393,232.740870977483,254.279496156827,271.775627996273
"Eligibility screen (ECONDIS)",0.72,"ED",186.420753089334,208.854642986393,232.740870977483,254.279496156827,271.775627996273
"Eligibility screen (ECONDIS)",0.73,"ED",186.420753089334,208.854642986393,232.740870977483,254.279496156827,271.775627996273
"Eligibility screen (ECONDIS)",0.74,"ED",186.420753089334,208.854642986393,232.740870977483,254.279496156827,271.775627996273
"Eligibility screen (ECONDIS)",0.75,"ED",186.420753089334,208.854642986393,232.740870977483,254.279496156827,271.775627996273
"Eligibility screen (ECONDIS)",0.76,"ED",186.420753089334,208.854642986393,232.740870977483,254.279496156827,271.775627996273
"Eligibility screen (ECONDIS)",0.77,"ED",186.420753089334,208.854642986393,232.740870977483,254.279496156827,271.775627996273
"Eligibility screen (ECONDIS)",0.78,"ED",186.420753089334,208.854642986393,232.740870977483,254.279496156827,271.775627996273
"Eligibility screen (ECONDIS)",0.79,"ED",186.420753089334,208.854642986393,232.740870977483,254.279496156827,271.775627996273
"Eligibility screen (ECONDIS)",0.8,"ED",186.420753089334,208.854642986393,232.740870977483,254.279496156827,271.775627996273
"Eligibility screen (ECONDIS)",0.81,"ED",186.420753089334,208.854642986393,232.740870977483,254.279496156827,271.775627996273
"Eligibility screen (ECONDIS)",0.82,"ED",186.420753089334,208.854642986393,232.740870977483,254.279496156827,271.775627996273
"Eligibility screen (ECONDIS)",0.83,"ED",186.420753089334,208.854642986393,232.740870977483,254.279496156827,271.775627996273
"Eligibility screen (ECONDIS)",0.84,"ED",186.420753089334,208.854642986393,232.740870977483,254.279496156827,271.775627996273
"Eligibility screen (ECONDIS)",0.85,"ED",186.420753089334,208.854642986393,232.740870977483,254.279496156827,271.775627996273
"Eligibility screen (ECONDIS)",0.86,"ED",186.420753089334,208.854642986393,232.740870977483,254.279496156827,271.775627996273
"Eligibility screen (ECONDIS)",0.87,"ED",186.420753089334,208.854642986393,232.740870977483,254.279496156827,271.775627996273
"Eligibility screen (ECONDIS)",0.88,"ED",186.420753089334,208.854642986393,232.740870977483,254.279496156827,271.775627996273
"Eligibility screen (ECONDIS)",0.89,"ED",186.420753089334,208.854642986393,232.740870977483,254.279496156827,271.775627996273
"Eligibility screen (ECONDIS)",0.9,"ED",186.420753089334,208.854642986393,232.740870977483,254.279496156827,271.775627996273
"Eligibility screen (ECONDIS)",0.91,"ED",186.420753089334,208.854642986393,232.740870977483,254.279496156827,271.775627996273
"Eligibility screen (ECONDIS)",0.92,"ED",186.420753089334,208.854642986393,232.740870977483,254.279496156827,271.775627996273
"Eligibility screen (ECONDIS)",0.93,"ED",186.420753089334,208.854642986393,232.740870977483,254.279496156827,271.775627996273
"Eligibility screen (ECONDIS)",0.94,"ED",186.420753089334,208.854642986393,232.740870977483,254.279496156827,271.775627996273
"Eligibility screen (ECONDIS)",0.95,"ED",186.420753089334,208.854642986393,232.740870977483,254.279496156827,271.775627996273
"Eligibility screen (ECONDIS)",0.96,"ED",186.420753089334,208.854642986393,232.740870977483,254.279496156827,271.775627996273
"Eligibility screen (ECONDIS)",0.97,"ED",186.420753089334,208.854642986393,232.740870977483,254.279496156827,271.775627996273
"Eligibility screen (ECONDIS)",0.98,"ED",186.420753089334,208.854642986393,232.740870977483,254.279496156827,271.775627996273
"Eligibility screen (ECONDIS)",0.99,"ED",186.420753089334,208.854642986393,232.740870977483,254.279496156827,271.775627996273
"Eligibility screen (ECONDIS)",1,"ED",186.420753089334,208.854642986393,232.740870977483,254.279496156827,271.775627996273
"2019",NA,"Not ED",216.30043335531,235.504851696267,254.537276841483,272.622018765247,288.536872463643
"2024, no program",NA,"Not ED",209.368076382758,232.429683065199,253.761639983378,272.676348681145,288.819546350391
"Bottom-up (lowest first)",0.05,"Not ED",209.368076382758,232.429683065199,253.761639983378,272.676348681145,288.819546350391
"Bottom-up (lowest first)",0.06,"Not ED",209.368076382758,232.429683065199,253.761639983378,272.676348681145,288.819546350391
"Bottom-up (lowest first)",0.07,"Not ED",209.368076382758,232.429683065199,253.761639983378,272.676348681145,288.819546350391
"Bottom-up (lowest first)",0.08,"Not ED",209.368076382758,232.429683065199,253.761639983378,272.676348681145,288.819546350391
"Bottom-up (lowest first)",0.09,"Not ED",209.368076382758,232.429683065199,253.761639983378,272.676348681145,288.819546350391
"Bottom-up (lowest first)",0.1,"Not ED",209.368076382758,232.429683065199,253.761639983378,272.676348681145,288.819546350391
"Bottom-up (lowest first)",0.11,"Not ED",209.368076382758,232.429683065199,253.761639983378,272.676348681145,288.819546350391
"Bottom-up (lowest first)",0.12,"Not ED",209.368076382758,232.429683065199,253.761639983378,272.676348681145,288.819546350391
"Bottom-up (lowest first)",0.13,"Not ED",209.368076382758,232.429683065199,253.761639983378,272.676348681145,288.819546350391
"Bottom-up (lowest first)",0.14,"Not ED",209.368076382758,232.429683065199,253.761639983378,272.676348681145,288.819546350391
"Bottom-up (lowest first)",0.15,"Not ED",209.368076382758,232.429683065199,253.761639983378,272.676348681145,288.819546350391
"Bottom-up (lowest first)",0.16,"Not ED",209.368076382758,232.429683065199,253.761639983378,272.676348681145,288.819546350391
"Bottom-up (lowest first)",0.17,"Not ED",209.368076382758,232.429683065199,253.761639983378,272.676348681145,288.819546350391
"Bottom-up (lowest first)",0.18,"Not ED",209.950580330734,232.429683065199,253.761639983378,272.676348681145,288.819546350391
"Bottom-up (lowest first)",0.19,"Not ED",210.660423557893,232.429683065199,253.761639983378,272.676348681145,288.819546350391
"Bottom-up (lowest first)",0.2,"Not ED",211.374629974587,232.429683065199,253.761639983378,272.676348681145,288.819546350391
"Bottom-up (lowest first)",0.21,"Not ED",212.092388907166,232.429683065199,253.761639983378,272.676348681145,288.819546350391
"Bottom-up (lowest first)",0.22,"Not ED",212.790348673948,232.429683065199,253.761639983378,272.676348681145,288.819546350391
"Bottom-up (lowest first)",0.23,"Not ED",213.471135826148,232.429683065199,253.761639983378,272.676348681145,288.819546350391
"Bottom-up (lowest first)",0.24,"Not ED",214.157943572112,232.429683065199,253.761639983378,272.676348681145,288.819546350391
"Bottom-up (lowest first)",0.25,"Not ED",214.291692145639,232.429683065199,253.761639983378,272.676348681145,288.819546350391
"Bottom-up (lowest first)",0.26,"Not ED",214.291692145639,232.429683065199,253.761639983378,272.676348681145,288.819546350391
"Bottom-up (lowest first)",0.27,"Not ED",214.291692145639,232.429683065199,253.761639983378,272.676348681145,288.819546350391
"Bottom-up (lowest first)",0.28,"Not ED",214.291692145639,232.429683065199,253.761639983378,272.676348681145,288.819546350391
"Bottom-up (lowest first)",0.29,"Not ED",214.291692145639,232.429683065199,253.761639983378,272.676348681145,288.819546350391
"Bottom-up (lowest first)",0.3,"Not ED",214.291692145639,232.429683065199,253.761639983378,272.676348681145,288.819546350391
"Bottom-up (lowest first)",0.31,"Not ED",214.291692145639,232.429683065199,253.761639983378,272.676348681145,288.819546350391
"Bottom-up (lowest first)",0.32,"Not ED",214.291692145639,232.429683065199,253.761639983378,272.676348681145,288.819546350391
"Bottom-up (lowest first)",0.33,"Not ED",214.291692145639,232.429683065199,253.761639983378,272.676348681145,288.819546350391
"Bottom-up (lowest first)",0.34,"Not ED",214.291692145639,232.429683065199,253.761639983378,272.676348681145,288.819546350391
"Bottom-up (lowest first)",0.35,"Not ED",214.291692145639,232.429683065199,253.761639983378,272.676348681145,288.819546350391
"Bottom-up (lowest first)",0.36,"Not ED",214.291692145639,232.429683065199,253.761639983378,272.676348681145,288.819546350391
"Bottom-up (lowest first)",0.37,"Not ED",214.291692145639,232.76511364179,253.761639983378,272.676348681145,288.819546350391
"Bottom-up (lowest first)",0.38,"Not ED",214.291692145639,233.229924715875,253.761639983378,272.676348681145,288.819546350391
"Bottom-up (lowest first)",0.39,"Not ED",214.291692145639,233.682055835684,253.761639983378,272.676348681145,288.819546350391
"Bottom-up (lowest first)",0.4,"Not ED",214.291692145639,234.140848490102,253.761639983378,272.676348681145,288.819546350391
"Bottom-up (lowest first)",0.41,"Not ED",214.291692145639,234.60371133172,253.761639983378,272.676348681145,288.819546350391
"Bottom-up (lowest first)",0.42,"Not ED",214.291692145639,235.072619795604,253.761639983378,272.676348681145,288.819546350391
"Bottom-up (lowest first)",0.43,"Not ED",214.291692145639,235.545738355065,253.761639983378,272.676348681145,288.819546350391
"Bottom-up (lowest first)",0.44,"Not ED",214.291692145639,236.017330905046,253.761639983378,272.676348681145,288.819546350391
"Bottom-up (lowest first)",0.45,"Not ED",214.291692145639,236.488534602062,253.761639983378,272.676348681145,288.819546350391
"Bottom-up (lowest first)",0.46,"Not ED",214.291692145639,236.956934974427,253.761639983378,272.676348681145,288.819546350391
"Bottom-up (lowest first)",0.47,"Not ED",214.291692145639,237.353298828081,253.761639983378,272.676348681145,288.819546350391
"Bottom-up (lowest first)",0.48,"Not ED",214.291692145639,237.353298828081,253.761639983378,272.676348681145,288.819546350391
"Bottom-up (lowest first)",0.49,"Not ED",214.291692145639,237.353298828081,253.761639983378,272.676348681145,288.819546350391
"Bottom-up (lowest first)",0.5,"Not ED",214.291692145639,237.353298828081,253.761639983378,272.676348681145,288.819546350391
"Bottom-up (lowest first)",0.51,"Not ED",214.291692145639,237.353298828081,253.761639983378,272.676348681145,288.819546350391
"Bottom-up (lowest first)",0.52,"Not ED",214.291692145639,237.353298828081,253.761639983378,272.676348681145,288.819546350391
"Bottom-up (lowest first)",0.53,"Not ED",214.291692145639,237.353298828081,253.761639983378,272.676348681145,288.819546350391
"Bottom-up (lowest first)",0.54,"Not ED",214.291692145639,237.353298828081,253.761639983378,272.676348681145,288.819546350391
"Bottom-up (lowest first)",0.55,"Not ED",214.291692145639,237.353298828081,253.761639983378,272.676348681145,288.819546350391
"Bottom-up (lowest first)",0.56,"Not ED",214.291692145639,237.353298828081,253.761639983378,272.676348681145,288.819546350391
"Bottom-up (lowest first)",0.57,"Not ED",214.291692145639,237.353298828081,253.761639983378,272.676348681145,288.819546350391
"Bottom-up (lowest first)",0.58,"Not ED",214.291692145639,237.353298828081,253.761639983378,272.676348681145,288.819546350391
"Bottom-up (lowest first)",0.59,"Not ED",214.291692145639,237.353298828081,253.761639983378,272.676348681145,288.819546350391
"Bottom-up (lowest first)",0.6,"Not ED",214.291692145639,237.353298828081,253.761639983378,272.676348681145,288.819546350391
"Bottom-up (lowest first)",0.61,"Not ED",214.291692145639,237.353298828081,254.035020398657,272.676348681145,288.819546350391
"Bottom-up (lowest first)",0.62,"Not ED",214.291692145639,237.353298828081,254.453074887406,272.676348681145,288.819546350391
"Bottom-up (lowest first)",0.63,"Not ED",214.291692145639,237.353298828081,254.872352163506,272.676348681145,288.819546350391
"Bottom-up (lowest first)",0.64,"Not ED",214.291692145639,237.353298828081,255.303569842001,272.676348681145,288.819546350391
"Bottom-up (lowest first)",0.65,"Not ED",214.291692145639,237.353298828081,255.739193308409,272.676348681145,288.819546350391
"Bottom-up (lowest first)",0.66,"Not ED",214.291692145639,237.353298828081,256.177588703692,272.676348681145,288.819546350391
"Bottom-up (lowest first)",0.67,"Not ED",214.291692145639,237.353298828081,256.62088083755,272.676348681145,288.819546350391
"Bottom-up (lowest first)",0.68,"Not ED",214.291692145639,237.353298828081,257.067267150009,272.676348681145,288.819546350391
"Bottom-up (lowest first)",0.69,"Not ED",214.291692145639,237.353298828081,257.510264545658,272.676348681145,288.819546350391
"Bottom-up (lowest first)",0.7,"Not ED",214.291692145639,237.353298828081,257.957575839118,272.676348681145,288.819546350391
"Bottom-up (lowest first)",0.71,"Not ED",214.291692145639,237.353298828081,258.404850330471,272.676348681145,288.819546350391
"Bottom-up (lowest first)",0.72,"Not ED",214.291692145639,237.353298828081,258.685255746259,272.676348681145,288.819546350391
"Bottom-up (lowest first)",0.73,"Not ED",214.291692145639,237.353298828081,258.685255746259,272.676348681145,288.819546350391
"Bottom-up (lowest first)",0.74,"Not ED",214.291692145639,237.353298828081,258.685255746259,272.676348681145,288.819546350391
"Bottom-up (lowest first)",0.75,"Not ED",214.291692145639,237.353298828081,258.685255746259,272.676348681145,288.819546350391
"Bottom-up (lowest first)",0.76,"Not ED",214.291692145639,237.353298828081,258.685255746259,272.676348681145,288.819546350391
"Bottom-up (lowest first)",0.77,"Not ED",214.291692145639,237.353298828081,258.685255746259,272.676348681145,288.819546350391
"Bottom-up (lowest first)",0.78,"Not ED",214.291692145639,237.353298828081,258.685255746259,272.676348681145,288.819546350391
"Bottom-up (lowest first)",0.79,"Not ED",214.291692145639,237.353298828081,258.685255746259,272.676348681145,288.819546350391
"Bottom-up (lowest first)",0.8,"Not ED",214.291692145639,237.353298828081,258.685255746259,272.676348681145,288.819546350391
"Bottom-up (lowest first)",0.81,"Not ED",214.291692145639,237.353298828081,258.685255746259,272.735273378304,288.819546350391
"Bottom-up (lowest first)",0.82,"Not ED",214.291692145639,237.353298828081,258.685255746259,273.311891630342,288.819546350391
"Bottom-up (lowest first)",0.83,"Not ED",214.291692145639,237.353298828081,258.685255746259,273.904175601224,288.819546350391
"Bottom-up (lowest first)",0.84,"Not ED",214.291692145639,237.353298828081,258.685255746259,274.52800784129,288.819546350391
"Bottom-up (lowest first)",0.85,"Not ED",214.291692145639,237.353298828081,258.685255746259,275.183722560403,288.819546350391
"Bottom-up (lowest first)",0.86,"Not ED",214.291692145639,237.353298828081,258.685255746259,275.856079855095,288.819546350391
"Bottom-up (lowest first)",0.87,"Not ED",214.291692145639,237.353298828081,258.685255746259,276.534356621925,288.819546350391
"Bottom-up (lowest first)",0.88,"Not ED",214.291692145639,237.353298828081,258.685255746259,277.210049362474,288.819546350391
"Bottom-up (lowest first)",0.89,"Not ED",214.291692145639,237.353298828081,258.685255746259,277.599964444026,288.819546350391
"Bottom-up (lowest first)",0.9,"Not ED",214.291692145639,237.353298828081,258.685255746259,277.599964444026,288.819546350391
"Bottom-up (lowest first)",0.91,"Not ED",214.291692145639,237.353298828081,258.685255746259,277.599964444026,288.819546350391
"Bottom-up (lowest first)",0.92,"Not ED",214.291692145639,237.353298828081,258.685255746259,277.599964444026,288.819546350391
"Bottom-up (lowest first)",0.93,"Not ED",214.291692145639,237.353298828081,258.685255746259,277.599964444026,289.587789649561
"Bottom-up (lowest first)",0.94,"Not ED",214.291692145639,237.353298828081,258.685255746259,277.599964444026,290.764123768394
"Bottom-up (lowest first)",0.95,"Not ED",214.291692145639,237.353298828081,258.685255746259,277.599964444026,292.028274200507
"Bottom-up (lowest first)",0.96,"Not ED",214.291692145639,237.353298828081,258.685255746259,277.599964444026,293.400771044662
"Bottom-up (lowest first)",0.97,"Not ED",214.291692145639,237.353298828081,258.685255746259,277.599964444026,293.743162113272
"Bottom-up (lowest first)",0.98,"Not ED",214.291692145639,237.353298828081,258.685255746259,277.599964444026,293.743162113272
"Bottom-up (lowest first)",0.99,"Not ED",214.291692145639,237.353298828081,258.685255746259,277.599964444026,293.743162113272
"Bottom-up (lowest first)",1,"Not ED",214.291692145639,237.353298828081,258.685255746259,277.599964444026,293.743162113272
"Proportional (untargeted)",0.05,"Not ED",209.595082601639,232.658198666763,253.999033530355,272.927569093904,289.100330186121
"Proportional (untargeted)",0.06,"Not ED",209.641922989272,232.704333803221,254.04904564541,272.981567055314,289.154466876393
"Proportional (untargeted)",0.07,"Not ED",209.687809123729,232.75032015494,254.0945759878,273.028980975868,289.215851134131
"Proportional (untargeted)",0.08,"Not ED",209.734528313381,232.795565114735,254.143727279021,273.07638809099,289.270262964893
"Proportional (untargeted)",0.09,"Not ED",209.778948581722,232.844162541506,254.18913613367,273.130246020619,289.325629366749
"Proportional (untargeted)",0.1,"Not ED",209.82632289496,232.886870701479,254.238079496489,273.178712580058,289.379509866353
"Proportional (untargeted)",0.11,"Not ED",209.875512553655,232.934533905176,254.283347131774,273.230410006134,289.435061708244
"Proportional (untargeted)",0.12,"Not ED",209.916942125544,232.980622170111,254.333817892265,273.28012995182,289.488822453564
"Proportional (untargeted)",0.13,"Not ED",209.964895382223,233.027214290001,254.381942247789,273.330630678611,289.542727781833
"Proportional (untargeted)",0.14,"Not ED",210.014295846267,233.073255066203,254.42963513489,273.380763814539,289.59898605264
"Proportional (untargeted)",0.15,"Not ED",210.0566073877,233.117704102771,254.477356630578,273.430083422699,289.650534033322
"Proportional (untargeted)",0.16,"Not ED",210.104142476099,233.168017671858,254.525729901698,273.482680843302,289.713049059498
"Proportional (untargeted)",0.17,"Not ED",210.152766548093,233.21279639056,254.576363260142,273.530380773933,289.762208019342
"Proportional (untargeted)",0.18,"Not ED",210.199490587146,233.259239337933,254.622060430129,273.578619568779,289.811492944774
"Proportional (untargeted)",0.19,"Not ED",210.244684486402,233.305878437155,254.670765609126,273.631212823707,289.86930866213
"Proportional (untargeted)",0.2,"Not ED",210.291610896121,233.350900731335,254.718378161479,273.68153135466,289.924313686246
"Proportional (untargeted)",0.21,"Not ED",210.339174648054,233.401016401737,254.768591156297,273.732187118368,289.97513264395
"Proportional (untargeted)",0.22,"Not ED",210.386145447795,233.44622519799,254.815699883918,273.781315974247,290.02850522079
"Proportional (untargeted)",0.23,"Not ED",210.432525835057,233.493340654825,254.864635071684,273.829272279769,290.082747004475
"Proportional (untargeted)",0.24,"Not ED",210.477401560379,233.539902114104,254.912430010958,273.881860126231,290.136290310099
"Proportional (untargeted)",0.25,"Not ED",210.526095344428,233.585512899933,254.962849040718,273.931705332479,290.187806820556
"Proportional (untargeted)",0.26,"Not ED",210.576017432,233.633362150522,255.00991793112,273.982539579922,290.238620868308
"Proportional (untargeted)",0.27,"Not ED",210.620937829492,233.681464148058,255.058905624965,274.031950708142,290.288717704889
"Proportional (untargeted)",0.28,"Not ED",210.665334339065,233.728239350798,255.108149411158,274.079937036104,290.340611778903
"Proportional (untargeted)",0.29,"Not ED",210.71831328335,233.778099222624,255.157719058331,274.131882680368,290.388793027696
"Proportional (untargeted)",0.3,"Not ED",210.766174047902,233.823349805983,255.204226925652,274.182493013947,290.442043502371
"Proportional (untargeted)",0.31,"Not ED",210.811097308789,233.871389044171,255.255017625366,274.234391586587,290.49349814472
"Proportional (untargeted)",0.32,"Not ED",210.858607899782,233.919021437896,255.303306780658,274.282669395512,290.545060028736
"Proportional (untargeted)",0.33,"Not ED",210.905530848622,233.965971464061,255.352797260654,274.331722281962,290.596141668858
"Proportional (untargeted)",0.34,"Not ED",210.953986000013,234.01333293905,255.40334539632,274.382541098995,290.646994599653
"Proportional (untargeted)",0.35,"Not ED",211.003579461382,234.060942714341,255.450798060614,274.432529756358,290.697906495191
"Proportional (untargeted)",0.36,"Not ED",211.050466010417,234.108886827365,255.50133651501,274.480702122415,290.747417103316
"Proportional (untargeted)",0.37,"Not ED",211.096291903535,234.156307566712,255.548494618814,274.532147430136,290.795947107626
"Proportional (untargeted)",0.38,"Not ED",211.146409182299,234.204250833502,255.598761258456,274.583114748809,290.844857124135
"Proportional (untargeted)",0.39,"Not ED",211.195273611779,234.252940462506,255.647560266441,274.633827788665,290.894559178187
"Proportional (untargeted)",0.4,"Not ED",211.242890025466,234.299627236596,255.697396965685,274.683021187601,290.945497186859
"Proportional (untargeted)",0.41,"Not ED",211.291795937193,234.349045569397,255.747144385607,274.734299428327,290.992861911397
"Proportional (untargeted)",0.42,"Not ED",211.339156829809,234.397893826983,255.79634906275,274.784441377855,291.040955515147
"Proportional (untargeted)",0.43,"Not ED",211.386711357426,234.44627512609,255.846042544238,274.833550178924,291.09099687793
"Proportional (untargeted)",0.44,"Not ED",211.435336914099,234.495782511927,255.894983084568,274.885041696304,291.1399611818
"Proportional (untargeted)",0.45,"Not ED",211.482330792624,234.543726397296,255.944295754089,274.934629278177,291.185943512378
"Proportional (untargeted)",0.46,"Not ED",211.532586243711,234.592922701235,255.994383582851,274.984070084028,291.234964686648
"Proportional (untargeted)",0.47,"Not ED",211.584885041537,234.642988253284,256.042393090356,275.035602788026,291.281142529815
"Proportional (untargeted)",0.48,"Not ED",211.634669950924,234.691487412462,256.093358916498,275.084401528237,291.329608812216
"Proportional (untargeted)",0.49,"Not ED",211.679907922944,234.73906534027,256.141737330782,275.134749217168,291.377575787462
"Proportional (untargeted)",0.5,"Not ED",211.727525900733,234.786637692376,256.192621115871,275.185262276759,291.424882311705
"Proportional (untargeted)",0.51,"Not ED",211.776292162268,234.835172904135,256.24222183394,275.234222722362,291.474952048502
"Proportional (untargeted)",0.52,"Not ED",211.825737426347,234.88594682867,256.291787155968,275.285279657654,291.521912977103
"Proportional (untargeted)",0.53,"Not ED",211.872300376531,234.936575011557,256.342667508372,275.333983088117,291.572336985178
"Proportional (untargeted)",0.54,"Not ED",211.922266387443,234.986728790859,256.391506819039,275.384969413119,291.616699024956
"Proportional (untargeted)",0.55,"Not ED",211.974429491115,235.036026039303,256.441684846488,275.433684749025,291.662947089489
"Proportional (untargeted)",0.56,"Not ED",212.023380991321,235.084860223667,256.492531405095,275.48458063822,291.710231704665
"Proportional (untargeted)",0.57,"Not ED",212.072551820753,235.134926515952,256.540922124587,275.533157479637,291.757576714755
"Proportional (untargeted)",0.58,"Not ED",212.125072266839,235.186345462202,256.591143035471,275.584187913375,291.807394653715
"Proportional (untargeted)",0.59,"Not ED",212.173936799648,235.236169517629,256.640801375645,275.632404771641,291.853288405059
"Proportional (untargeted)",0.6,"Not ED",212.222198033799,235.284568437568,256.690436724036,275.682974275912,291.89916156837
"Proportional (untargeted)",0.61,"Not ED",212.274135364095,235.334921928383,256.740238595739,275.731602211083,291.945521931303
"Proportional (untargeted)",0.62,"Not ED",212.323198142392,235.386216181187,256.790277285219,275.7807402035,291.992157081788
"Proportional (untargeted)",0.63,"Not ED",212.371692319295,235.43513104832,256.838765992657,275.83109585556,292.043170791435
"Proportional (untargeted)",0.64,"Not ED",212.426820397932,235.484289178874,256.889377755582,275.878563680349,292.087325391375
"Proportional (untargeted)",0.65,"Not ED",212.472358507846,235.536627664497,256.940106049216,275.929918969258,292.132744284139
"Proportional (untargeted)",0.66,"Not ED",212.522231340946,235.586367720773,256.989678168321,275.977275187114,292.180649870546
"Proportional (untargeted)",0.67,"Not ED",212.574939094696,235.638490079942,257.038638711581,276.026154399033,292.227381635866
"Proportional (untargeted)",0.68,"Not ED",212.62268435468,235.689329570431,257.089435353027,276.07596517285,292.27458844502
"Proportional (untargeted)",0.69,"Not ED",212.678289613938,235.738872195066,257.140344876823,276.124467158653,292.318138132932
"Proportional (untargeted)",0.7,"Not ED",212.724409771424,235.790924660214,257.190167940663,276.173312898824,292.367297692741
"Proportional (untargeted)",0.71,"Not ED",212.775519852946,235.840238186326,257.239476945773,276.222299798313,292.413095437243
"Proportional (untargeted)",0.72,"Not ED",212.826322287578,235.890629267944,257.289688769303,276.271733835866,292.460797839314
"Proportional (untargeted)",0.73,"Not ED",212.876651418754,235.943715420623,257.340754496652,276.320386647557,292.504537565276
"Proportional (untargeted)",0.74,"Not ED",212.927387933225,235.994950839441,257.391565501047,276.36670028362,292.555017764398
"Proportional (untargeted)",0.75,"Not ED",212.977597035712,236.045931275879,257.440602420448,276.416831491502,292.598021322929
"Proportional (untargeted)",0.76,"Not ED",213.027742451866,236.096106599065,257.489869666797,276.465013691616,292.64265963451
"Proportional (untargeted)",0.77,"Not ED",213.080178246224,236.149072225614,257.53984653701,276.5133763173,292.690880320475
"Proportional (untargeted)",0.78,"Not ED",213.129769632742,236.200503194974,257.589653334552,276.563693769447,292.736369861908
"Proportional (untargeted)",0.79,"Not ED",213.185928646324,236.251358197565,257.638753986873,276.609875353489,292.782790509203
"Proportional (untargeted)",0.8,"Not ED",213.234425214727,236.307080857221,257.687254185248,276.656971275615,292.82953154323
"Proportional (untargeted)",0.81,"Not ED",213.295476735741,236.35427742386,257.739866283703,276.705873091795,292.874454840065
"Proportional (untargeted)",0.82,"Not ED",213.339851833674,236.407396779543,257.789205026522,276.753694127495,292.919952307653
"Proportional (untargeted)",0.83,"Not ED",213.39087940676,236.460484971756,257.839946187315,276.799564153813,292.967295372492
"Proportional (untargeted)",0.84,"Not ED",213.442049762327,236.510435648602,257.890264765947,276.848615582121,293.008896000654
"Proportional (untargeted)",0.85,"Not ED",213.493431058309,236.562669201158,257.940116321824,276.896855978058,293.059911973003
"Proportional (untargeted)",0.86,"Not ED",213.548904216223,236.615007796881,257.98943529718,276.943084116981,293.098727595086
"Proportional (untargeted)",0.87,"Not ED",213.59790819483,236.667517828163,258.039049429847,276.990017758155,293.151693053583
"Proportional (untargeted)",0.88,"Not ED",213.658885733675,236.72209324846,258.088886678308,277.039397633163,293.191717813766
"Proportional (untargeted)",0.89,"Not ED",213.704996717258,236.769734803914,258.138593575239,277.08620965645,293.242581111237
"Proportional (untargeted)",0.9,"Not ED",213.757090730954,236.824480538002,258.188115481465,277.132775906925,293.287594625002
"Proportional (untargeted)",0.91,"Not ED",213.810193449088,236.877613046507,258.237563618127,277.182137079823,293.333639813497
"Proportional (untargeted)",0.92,"Not ED",213.85742126897,236.932674466863,258.287534560338,277.228890212194,293.379036483197
"Proportional (untargeted)",0.93,"Not ED",213.919247751345,236.979944194201,258.337570029203,277.274434240002,293.424775583239
"Proportional (untargeted)",0.94,"Not ED",213.968757889111,237.034960027785,258.387570231186,277.318728783797,293.470278804111
"Proportional (untargeted)",0.95,"Not ED",214.022954933507,237.088180542184,258.436938673024,277.367766661005,293.515905482553
"Proportional (untargeted)",0.96,"Not ED",214.073248321723,237.142518410681,258.486359715611,277.415311858393,293.561358326216
"Proportional (untargeted)",0.97,"Not ED",214.135342118786,237.192520344482,258.53590707766,277.460860604164,293.606966565244
"Proportional (untargeted)",0.98,"Not ED",214.183276943504,237.246734684333,258.585875967097,277.505845225633,293.652308968684
"Proportional (untargeted)",0.99,"Not ED",214.238796245976,237.301563392791,258.635678752532,277.553724167703,293.697925229388
"Proportional (untargeted)",1,"Not ED",214.291692145639,237.353298828081,258.685255746259,277.599964444026,293.743162113272
"Opt-in gradient",0.05,"Not ED",209.484460427318,232.599792914107,254.031904300021,273.076249837218,289.324581819709
"Opt-in gradient",0.06,"Not ED",209.512167372219,232.633331905282,254.084714705746,273.159386792306,289.422161764135
"Opt-in gradient",0.07,"Not ED",209.540032578326,232.667826351158,254.141205882586,273.241586340179,289.519190184732
"Opt-in gradient",0.08,"Not ED",209.568071382955,232.701602509741,254.194756620409,273.321779872411,289.616350615749
"Opt-in gradient",0.09,"Not ED",209.582952651787,232.734879533766,254.251773379181,273.402270851999,289.713361688259
"Opt-in gradient",0.1,"Not ED",209.599143473318,232.772532296258,254.304616650701,273.48404645935,289.811251032233
"Opt-in gradient",0.11,"Not ED",209.627244035092,232.804522966754,254.36094724341,273.563672759844,289.907963285314
"Opt-in gradient",0.12,"Not ED",209.655023711218,232.839837195475,254.415018947656,273.647341590746,290.00237380818
"Opt-in gradient",0.13,"Not ED",209.682467872774,232.870975851725,254.472621203333,273.73142289738,290.096933465408
"Opt-in gradient",0.14,"Not ED",209.709561978928,232.909021917348,254.52753673128,273.810945176998,290.190967512946
"Opt-in gradient",0.15,"Not ED",209.728251000332,232.943938633718,254.584710450562,273.893799341038,290.287579216871
"Opt-in gradient",0.16,"Not ED",209.747252809122,232.978382672159,254.640045257515,273.975310819439,290.375174933182
"Opt-in gradient",0.17,"Not ED",209.773885995192,233.015564554523,254.694607757184,274.058170761939,290.468379239703
"Opt-in gradient",0.18,"Not ED",209.800056567556,233.046621126844,254.754038594293,274.141240607049,290.5569043443
"Opt-in gradient",0.19,"Not ED",209.825750613362,233.083541711118,254.809011648212,274.224800467926,290.64897827181
"Opt-in gradient",0.2,"Not ED",209.85095430959,233.11724358304,254.868073177893,274.306905563069,290.735940497939
"Opt-in gradient",0.21,"Not ED",209.875653923185,233.155130034174,254.924512069614,274.39090027071,290.828510769093
"Opt-in gradient",0.22,"Not ED",209.899333403493,233.189575325351,254.982014702049,274.472435535739,290.915149345273
"Opt-in gradient",0.23,"Not ED",209.923361677972,233.224740300841,255.040465197456,274.557830856017,291.00237275173
"Opt-in gradient",0.24,"Not ED",209.947990374314,233.260005063641,255.096423419239,274.642608477422,291.091635956568
"Opt-in gradient",0.25,"Not ED",209.97323274041,233.295338092667,255.157455811516,274.726219616704,291.177236825652
"Opt-in gradient",0.26,"Not ED",209.999101917686,233.330756499534,255.214565147728,274.810886128295,291.262637272715
"Opt-in gradient",0.27,"Not ED",210.021123160849,233.366007389311,255.273742500831,274.893895012076,291.34971795589
"Opt-in gradient",0.28,"Not ED",210.03987905387,233.402194991181,255.332471866317,274.979572042128,291.437923791859
"Opt-in gradient",0.29,"Not ED",210.066839292138,233.436985225355,255.39173155411,275.063888939208,291.521604179151
"Opt-in gradient",0.3,"Not ED",210.094534673794,233.475127721693,255.450327838704,275.150958220514,291.606131882389
"Opt-in gradient",0.31,"Not ED",210.122775537478,233.50952012359,255.510714228612,275.234207812303,291.691338126619
"Opt-in gradient",0.32,"Not ED",210.15040075031,233.547911057135,255.569827161493,275.319515952953,291.7760673302
"Opt-in gradient",0.33,"Not ED",210.177216695887,233.582352014812,255.631049655239,275.403652515705,291.86030499805
"Opt-in gradient",0.34,"Not ED",210.19638534352,233.620692497361,255.689900588471,275.48958566594,291.944325548628
"Opt-in gradient",0.35,"Not ED",210.219739019217,233.655355099557,255.749940847169,275.57572945985,292.028326428446
"Opt-in gradient",0.36,"Not ED",210.245358551945,233.693588482107,255.810502065001,275.658854824156,292.11243649535
"Opt-in gradient",0.37,"Not ED",210.270071720654,233.728435370603,255.870560908636,275.745763892421,292.196724401796
"Opt-in gradient",0.38,"Not ED",210.295328265487,233.766683256501,255.932104388348,275.831182428953,292.281206978118
"Opt-in gradient",0.39,"Not ED",210.319255620851,233.801531644335,255.992822289568,275.915350610432,292.365711580055
"Opt-in gradient",0.4,"Not ED",210.340003854546,233.840027789763,256.055101078468,276.000488972499,292.447572029447
"Opt-in gradient",0.41,"Not ED",210.36681194307,233.874616665446,256.116138793196,276.086397691336,292.5290285657
"Opt-in gradient",0.42,"Not ED",210.394693083552,233.913638785078,256.177857921345,276.171859895787,292.611444885242
"Opt-in gradient",0.43,"Not ED",210.422861280423,233.948975243317,256.239426703061,276.256070237465,292.69487144866
"Opt-in gradient",0.44,"Not ED",210.449930854053,233.987737021537,256.300467934674,276.339916744352,292.777398702817
"Opt-in gradient",0.45,"Not ED",210.475887545688,234.025248025462,256.364346731385,276.424875147341,292.85954205902
"Opt-in gradient",0.46,"Not ED",210.499047932846,234.064069549763,256.426650990012,276.507912984233,292.939796181189
"Opt-in gradient",0.47,"Not ED",210.52301165647,234.101439333964,256.488502277785,276.594010434899,293.024039554866
"Opt-in gradient",0.48,"Not ED",210.548175503934,234.140571913887,256.55186169053,276.679381122203,293.103091126904
"Opt-in gradient",0.49,"Not ED",210.574553739613,234.175777672141,256.614390880462,276.764008053481,293.186841607652
"Opt-in gradient",0.5,"Not ED",210.602160619664,234.213814814548,256.679639453504,276.847916750667,293.27666167856
"Opt-in gradient",0.51,"Not ED",210.624273582079,234.252173891866,256.741377221109,276.931961061043,293.35257019796
"Opt-in gradient",0.52,"Not ED",210.646433637953,234.290703890032,256.805019537301,277.016759852213,293.437774405075
"Opt-in gradient",0.53,"Not ED",210.674123957486,234.329191974874,256.868441243427,277.101939578455,293.516515632249
"Opt-in gradient",0.54,"Not ED",210.700440167911,234.36812798881,256.932819468451,277.184627742534,293.598161603763
"Opt-in gradient",0.55,"Not ED",210.725368074685,234.406038127785,256.996362765037,277.267754009868,293.676950241678
"Opt-in gradient",0.56,"Not ED",210.751830806131,234.446311923569,257.06393171715,277.357115810619,293.743162113272
"Opt-in gradient",0.57,"Not ED",210.78248854239,234.495231716937,257.145424651233,277.459748875227,293.743162113272
"Opt-in gradient",0.58,"Not ED",210.818528572822,234.544730765097,257.227245486696,277.544637019991,293.743162113272
"Opt-in gradient",0.59,"Not ED",210.85269784717,234.59529695633,257.311882259989,277.590630398592,293.743162113272
"Opt-in gradient",0.6,"Not ED",210.886061150582,234.648430907698,257.401023699552,277.599964444026,293.743162113272
"Opt-in gradient",0.61,"Not ED",210.925488397789,234.703527555166,257.492674302128,277.599964444026,293.743162113272
"Opt-in gradient",0.62,"Not ED",210.957218091911,234.762364964141,257.58573732147,277.599964444026,293.743162113272
"Opt-in gradient",0.63,"Not ED",210.999005501753,234.820141853414,257.682792967835,277.599964444026,293.743162113272
"Opt-in gradient",0.64,"Not ED",211.038705922947,234.880953197638,257.786096139686,277.599964444026,293.743162113272
"Opt-in gradient",0.65,"Not ED",211.080120757532,234.943331551525,257.890091461827,277.599964444026,293.743162113272
"Opt-in gradient",0.66,"Not ED",211.121035782523,235.009223877872,257.997355964802,277.599964444026,293.743162113272
"Opt-in gradient",0.67,"Not ED",211.169126284098,235.076391759475,258.108748943506,277.599964444026,293.743162113272
"Opt-in gradient",0.68,"Not ED",211.212822242576,235.146535746056,258.22428619689,277.599964444026,293.743162113272
"Opt-in gradient",0.69,"Not ED",211.25796132418,235.220964273877,258.34480407152,277.599964444026,293.743162113272
"Opt-in gradient",0.7,"Not ED",211.305230622586,235.295557547539,258.469420612847,277.599964444026,293.743162113272
"Opt-in gradient",0.71,"Not ED",211.352168036032,235.376269351003,258.57361943219,277.599964444026,293.743162113272
"Opt-in gradient",0.72,"Not ED",211.409684698224,235.458303104907,258.643308254867,277.599964444026,293.743162113272
"Opt-in gradient",0.73,"Not ED",211.461569276874,235.543607953799,258.67929118339,277.599964444026,293.743162113272
"Opt-in gradient",0.74,"Not ED",211.522237641827,235.632975858886,258.685255746259,277.599964444026,293.743162113272
"Opt-in gradient",0.75,"Not ED",211.583373217502,235.728359113255,258.685255746259,277.599964444026,293.743162113272
"Opt-in gradient",0.76,"Not ED",211.638360501038,235.827455684763,258.685255746259,277.599964444026,293.743162113272
"Opt-in gradient",0.77,"Not ED",211.707369511942,235.929800573541,258.685255746259,277.599964444026,293.743162113272
"Opt-in gradient",0.78,"Not ED",211.770927753227,236.037011752085,258.685255746259,277.599964444026,293.743162113272
"Opt-in gradient",0.79,"Not ED",211.845536439494,236.150048423269,258.685255746259,277.599964444026,293.743162113272
"Opt-in gradient",0.8,"Not ED",211.918561343243,236.270100537653,258.685255746259,277.599964444026,293.743162113272
"Opt-in gradient",0.81,"Not ED",211.998257797025,236.396189497819,258.685255746259,277.599964444026,293.743162113272
"Opt-in gradient",0.82,"Not ED",212.075780697487,236.529857292504,258.685255746259,277.599964444026,293.743162113272
"Opt-in gradient",0.83,"Not ED",212.160888692745,236.668846502012,258.685255746259,277.599964444026,293.743162113272
"Opt-in gradient",0.84,"Not ED",212.253489836414,236.817975313583,258.685255746259,277.599964444026,293.743162113272
"Opt-in gradient",0.85,"Not ED",212.348867900225,236.975611612661,258.685255746259,277.599964444026,293.743162113272
"Opt-in gradient",0.86,"Not ED",212.450899228477,237.14356491235,258.685255746259,277.599964444026,293.743162113272
"Opt-in gradient",0.87,"Not ED",212.554799976659,237.2734306671,258.685255746259,277.599964444026,293.743162113272
"Opt-in gradient",0.88,"Not ED",212.678318249608,237.341483818744,258.685255746259,277.599964444026,293.743162113272
"Opt-in gradient",0.89,"Not ED",212.802940656536,237.353298828081,258.685255746259,277.599964444026,293.743162113272
"Opt-in gradient",0.9,"Not ED",212.927572952625,237.353298828081,258.685255746259,277.599964444026,293.743162113272
"Opt-in gradient",0.91,"Not ED",213.074429750525,237.353298828081,258.685255746259,277.599964444026,293.743162113272
"Opt-in gradient",0.92,"Not ED",213.230730546354,237.353298828081,258.685255746259,277.599964444026,293.743162113272
"Opt-in gradient",0.93,"Not ED",213.396712011809,237.353298828081,258.685255746259,277.599964444026,293.743162113272
"Opt-in gradient",0.94,"Not ED",213.594302744307,237.353298828081,258.685255746259,277.599964444026,293.743162113272
"Opt-in gradient",0.95,"Not ED",213.810519650154,237.353298828081,258.685255746259,277.599964444026,293.743162113272
"Opt-in gradient",0.96,"Not ED",214.05521059001,237.353298828081,258.685255746259,277.599964444026,293.743162113272
"Opt-in gradient",0.97,"Not ED",214.267721808971,237.353298828081,258.685255746259,277.599964444026,293.743162113272
"Opt-in gradient",0.98,"Not ED",214.291692145639,237.353298828081,258.685255746259,277.599964444026,293.743162113272
"Opt-in gradient",0.99,"Not ED",214.291692145639,237.353298828081,258.685255746259,277.599964444026,293.743162113272
"Opt-in gradient",1,"Not ED",214.291692145639,237.353298828081,258.685255746259,277.599964444026,293.743162113272
"Eligibility screen (ECONDIS)",0.05,"Not ED",209.368076382758,232.429683065199,253.761639983378,272.676348681145,288.819546350391
"Eligibility screen (ECONDIS)",0.06,"Not ED",209.368076382758,232.429683065199,253.761639983378,272.676348681145,288.819546350391
"Eligibility screen (ECONDIS)",0.07,"Not ED",209.368076382758,232.429683065199,253.761639983378,272.676348681145,288.819546350391
"Eligibility screen (ECONDIS)",0.08,"Not ED",209.368076382758,232.429683065199,253.761639983378,272.676348681145,288.819546350391
"Eligibility screen (ECONDIS)",0.09,"Not ED",209.368076382758,232.429683065199,253.761639983378,272.676348681145,288.819546350391
"Eligibility screen (ECONDIS)",0.1,"Not ED",209.368076382758,232.429683065199,253.761639983378,272.676348681145,288.819546350391
"Eligibility screen (ECONDIS)",0.11,"Not ED",209.368076382758,232.429683065199,253.761639983378,272.676348681145,288.819546350391
"Eligibility screen (ECONDIS)",0.12,"Not ED",209.368076382758,232.429683065199,253.761639983378,272.676348681145,288.819546350391
"Eligibility screen (ECONDIS)",0.13,"Not ED",209.368076382758,232.429683065199,253.761639983378,272.676348681145,288.819546350391
"Eligibility screen (ECONDIS)",0.14,"Not ED",209.368076382758,232.429683065199,253.761639983378,272.676348681145,288.819546350391
"Eligibility screen (ECONDIS)",0.15,"Not ED",209.368076382758,232.429683065199,253.761639983378,272.676348681145,288.819546350391
"Eligibility screen (ECONDIS)",0.16,"Not ED",209.368076382758,232.429683065199,253.761639983378,272.676348681145,288.819546350391
"Eligibility screen (ECONDIS)",0.17,"Not ED",209.368076382758,232.429683065199,253.761639983378,272.676348681145,288.819546350391
"Eligibility screen (ECONDIS)",0.18,"Not ED",209.368076382758,232.429683065199,253.761639983378,272.676348681145,288.819546350391
"Eligibility screen (ECONDIS)",0.19,"Not ED",209.368076382758,232.429683065199,253.761639983378,272.676348681145,288.819546350391
"Eligibility screen (ECONDIS)",0.2,"Not ED",209.368076382758,232.429683065199,253.761639983378,272.676348681145,288.819546350391
"Eligibility screen (ECONDIS)",0.21,"Not ED",209.368076382758,232.429683065199,253.761639983378,272.676348681145,288.819546350391
"Eligibility screen (ECONDIS)",0.22,"Not ED",209.368076382758,232.429683065199,253.761639983378,272.676348681145,288.819546350391
"Eligibility screen (ECONDIS)",0.23,"Not ED",209.368076382758,232.429683065199,253.761639983378,272.676348681145,288.819546350391
"Eligibility screen (ECONDIS)",0.24,"Not ED",209.368076382758,232.429683065199,253.761639983378,272.676348681145,288.819546350391
"Eligibility screen (ECONDIS)",0.25,"Not ED",209.368076382758,232.429683065199,253.761639983378,272.676348681145,288.819546350391
"Eligibility screen (ECONDIS)",0.26,"Not ED",209.368076382758,232.429683065199,253.761639983378,272.676348681145,288.819546350391
"Eligibility screen (ECONDIS)",0.27,"Not ED",209.368076382758,232.429683065199,253.761639983378,272.676348681145,288.819546350391
"Eligibility screen (ECONDIS)",0.28,"Not ED",209.368076382758,232.429683065199,253.761639983378,272.676348681145,288.819546350391
"Eligibility screen (ECONDIS)",0.29,"Not ED",209.368076382758,232.429683065199,253.761639983378,272.676348681145,288.819546350391
"Eligibility screen (ECONDIS)",0.3,"Not ED",209.368076382758,232.429683065199,253.761639983378,272.676348681145,288.819546350391
"Eligibility screen (ECONDIS)",0.31,"Not ED",209.368076382758,232.429683065199,253.761639983378,272.676348681145,288.819546350391
"Eligibility screen (ECONDIS)",0.32,"Not ED",209.368076382758,232.429683065199,253.761639983378,272.676348681145,288.819546350391
"Eligibility screen (ECONDIS)",0.33,"Not ED",209.368076382758,232.429683065199,253.761639983378,272.676348681145,288.819546350391
"Eligibility screen (ECONDIS)",0.34,"Not ED",209.368076382758,232.429683065199,253.761639983378,272.676348681145,288.819546350391
"Eligibility screen (ECONDIS)",0.35,"Not ED",209.368076382758,232.429683065199,253.761639983378,272.676348681145,288.819546350391
"Eligibility screen (ECONDIS)",0.36,"Not ED",209.368076382758,232.429683065199,253.761639983378,272.676348681145,288.819546350391
"Eligibility screen (ECONDIS)",0.37,"Not ED",209.368076382758,232.429683065199,253.761639983378,272.676348681145,288.819546350391
"Eligibility screen (ECONDIS)",0.38,"Not ED",209.368076382758,232.429683065199,253.761639983378,272.676348681145,288.819546350391
"Eligibility screen (ECONDIS)",0.39,"Not ED",209.368076382758,232.429683065199,253.761639983378,272.676348681145,288.819546350391
"Eligibility screen (ECONDIS)",0.4,"Not ED",209.368076382758,232.429683065199,253.761639983378,272.676348681145,288.819546350391
"Eligibility screen (ECONDIS)",0.41,"Not ED",209.368076382758,232.429683065199,253.761639983378,272.676348681145,288.819546350391
"Eligibility screen (ECONDIS)",0.42,"Not ED",209.368076382758,232.429683065199,253.761639983378,272.676348681145,288.819546350391
"Eligibility screen (ECONDIS)",0.43,"Not ED",209.368076382758,232.429683065199,253.761639983378,272.676348681145,288.819546350391
"Eligibility screen (ECONDIS)",0.44,"Not ED",209.368076382758,232.429683065199,253.761639983378,272.676348681145,288.819546350391
"Eligibility screen (ECONDIS)",0.45,"Not ED",209.368076382758,232.429683065199,253.761639983378,272.676348681145,288.819546350391
"Eligibility screen (ECONDIS)",0.46,"Not ED",209.368076382758,232.429683065199,253.761639983378,272.676348681145,288.819546350391
"Eligibility screen (ECONDIS)",0.47,"Not ED",209.368076382758,232.429683065199,253.761639983378,272.676348681145,288.819546350391
"Eligibility screen (ECONDIS)",0.48,"Not ED",209.368076382758,232.429683065199,253.761639983378,272.676348681145,288.819546350391
"Eligibility screen (ECONDIS)",0.49,"Not ED",209.368076382758,232.429683065199,253.761639983378,272.676348681145,288.819546350391
"Eligibility screen (ECONDIS)",0.5,"Not ED",209.368076382758,232.429683065199,253.761639983378,272.676348681145,288.819546350391
"Eligibility screen (ECONDIS)",0.51,"Not ED",209.368076382758,232.429683065199,253.761639983378,272.676348681145,288.819546350391
"Eligibility screen (ECONDIS)",0.52,"Not ED",209.368076382758,232.429683065199,253.761639983378,272.676348681145,288.819546350391
"Eligibility screen (ECONDIS)",0.53,"Not ED",209.368076382758,232.429683065199,253.761639983378,272.676348681145,288.819546350391
"Eligibility screen (ECONDIS)",0.54,"Not ED",209.368076382758,232.429683065199,253.761639983378,272.676348681145,288.819546350391
"Eligibility screen (ECONDIS)",0.55,"Not ED",209.368076382758,232.429683065199,253.761639983378,272.676348681145,288.819546350391
"Eligibility screen (ECONDIS)",0.56,"Not ED",209.368076382758,232.429683065199,253.761639983378,272.676348681145,288.819546350391
"Eligibility screen (ECONDIS)",0.57,"Not ED",209.368076382758,232.429683065199,253.761639983378,272.676348681145,288.819546350391
"Eligibility screen (ECONDIS)",0.58,"Not ED",209.368076382758,232.429683065199,253.761639983378,272.676348681145,288.819546350391
"Eligibility screen (ECONDIS)",0.59,"Not ED",209.368076382758,232.429683065199,253.761639983378,272.676348681145,288.819546350391
"Eligibility screen (ECONDIS)",0.6,"Not ED",209.368076382758,232.429683065199,253.761639983378,272.676348681145,288.819546350391
"Eligibility screen (ECONDIS)",0.61,"Not ED",209.368076382758,232.429683065199,253.761639983378,272.676348681145,288.819546350391
"Eligibility screen (ECONDIS)",0.62,"Not ED",209.368076382758,232.429683065199,253.761639983378,272.676348681145,288.819546350391
"Eligibility screen (ECONDIS)",0.63,"Not ED",209.368076382758,232.429683065199,253.761639983378,272.676348681145,288.819546350391
"Eligibility screen (ECONDIS)",0.64,"Not ED",209.368076382758,232.429683065199,253.761639983378,272.676348681145,288.819546350391
"Eligibility screen (ECONDIS)",0.65,"Not ED",209.368076382758,232.429683065199,253.761639983378,272.676348681145,288.819546350391
"Eligibility screen (ECONDIS)",0.66,"Not ED",209.368076382758,232.429683065199,253.761639983378,272.676348681145,288.819546350391
"Eligibility screen (ECONDIS)",0.67,"Not ED",209.368076382758,232.429683065199,253.761639983378,272.676348681145,288.819546350391
"Eligibility screen (ECONDIS)",0.68,"Not ED",209.368076382758,232.429683065199,253.761639983378,272.676348681145,288.819546350391
"Eligibility screen (ECONDIS)",0.69,"Not ED",209.368076382758,232.429683065199,253.761639983378,272.676348681145,288.819546350391
"Eligibility screen (ECONDIS)",0.7,"Not ED",209.368076382758,232.429683065199,253.761639983378,272.676348681145,288.819546350391
"Eligibility screen (ECONDIS)",0.71,"Not ED",209.368076382758,232.429683065199,253.761639983378,272.676348681145,288.819546350391
"Eligibility screen (ECONDIS)",0.72,"Not ED",209.368076382758,232.429683065199,253.761639983378,272.676348681145,288.819546350391
"Eligibility screen (ECONDIS)",0.73,"Not ED",209.368076382758,232.429683065199,253.761639983378,272.676348681145,288.819546350391
"Eligibility screen (ECONDIS)",0.74,"Not ED",209.368076382758,232.429683065199,253.761639983378,272.676348681145,288.819546350391
"Eligibility screen (ECONDIS)",0.75,"Not ED",209.368076382758,232.429683065199,253.761639983378,272.676348681145,288.819546350391
"Eligibility screen (ECONDIS)",0.76,"Not ED",209.368076382758,232.429683065199,253.761639983378,272.676348681145,288.819546350391
"Eligibility screen (ECONDIS)",0.77,"Not ED",209.368076382758,232.429683065199,253.761639983378,272.676348681145,288.819546350391
"Eligibility screen (ECONDIS)",0.78,"Not ED",209.368076382758,232.429683065199,253.761639983378,272.676348681145,288.819546350391
"Eligibility screen (ECONDIS)",0.79,"Not ED",209.368076382758,232.429683065199,253.761639983378,272.676348681145,288.819546350391
"Eligibility screen (ECONDIS)",0.8,"Not ED",209.368076382758,232.429683065199,253.761639983378,272.676348681145,288.819546350391
"Eligibility screen (ECONDIS)",0.81,"Not ED",209.368076382758,232.429683065199,253.761639983378,272.676348681145,288.819546350391
"Eligibility screen (ECONDIS)",0.82,"Not ED",209.368076382758,232.429683065199,253.761639983378,272.676348681145,288.819546350391
"Eligibility screen (ECONDIS)",0.83,"Not ED",209.368076382758,232.429683065199,253.761639983378,272.676348681145,288.819546350391
"Eligibility screen (ECONDIS)",0.84,"Not ED",209.368076382758,232.429683065199,253.761639983378,272.676348681145,288.819546350391
"Eligibility screen (ECONDIS)",0.85,"Not ED",209.368076382758,232.429683065199,253.761639983378,272.676348681145,288.819546350391
"Eligibility screen (ECONDIS)",0.86,"Not ED",209.368076382758,232.429683065199,253.761639983378,272.676348681145,288.819546350391
"Eligibility screen (ECONDIS)",0.87,"Not ED",209.368076382758,232.429683065199,253.761639983378,272.676348681145,288.819546350391
"Eligibility screen (ECONDIS)",0.88,"Not ED",209.368076382758,232.429683065199,253.761639983378,272.676348681145,288.819546350391
"Eligibility screen (ECONDIS)",0.89,"Not ED",209.368076382758,232.429683065199,253.761639983378,272.676348681145,288.819546350391
"Eligibility screen (ECONDIS)",0.9,"Not ED",209.368076382758,232.429683065199,253.761639983378,272.676348681145,288.819546350391
"Eligibility screen (ECONDIS)",0.91,"Not ED",209.368076382758,232.429683065199,253.761639983378,272.676348681145,288.819546350391
"Eligibility screen (ECONDIS)",0.92,"Not ED",209.368076382758,232.429683065199,253.761639983378,272.676348681145,288.819546350391
"Eligibility screen (ECONDIS)",0.93,"Not ED",209.368076382758,232.429683065199,253.761639983378,272.676348681145,288.819546350391
"Eligibility screen (ECONDIS)",0.94,"Not ED",209.368076382758,232.429683065199,253.761639983378,272.676348681145,288.819546350391
"Eligibility screen (ECONDIS)",0.95,"Not ED",209.368076382758,232.429683065199,253.761639983378,272.676348681145,288.819546350391
"Eligibility screen (ECONDIS)",0.96,"Not ED",209.368076382758,232.429683065199,253.761639983378,272.676348681145,288.819546350391
"Eligibility screen (ECONDIS)",0.97,"Not ED",209.368076382758,232.429683065199,253.761639983378,272.676348681145,288.819546350391
"Eligibility screen (ECONDIS)",0.98,"Not ED",209.368076382758,232.429683065199,253.761639983378,272.676348681145,288.819546350391
"Eligibility screen (ECONDIS)",0.99,"Not ED",209.368076382758,232.429683065199,253.761639983378,272.676348681145,288.819546350391
"Eligibility screen (ECONDIS)",1,"Not ED",209.368076382758,232.429683065199,253.761639983378,272.676348681145,288.819546350391
