cell,pct,q2019,d,d_se,g_star,g_star_se,sd2019,sd2024,diff_change,diff_change_se,se2019,value2024,se2024
Math_G12,10,104.367500305176,-4.818001174926991,.7839366943401808,.1353660014714966,.0220253943215822,35.5924022468928,37.0298424167342,4.489000320434997,1.29670848737107,.477782282074956,99.549499130249,.6215149488695
Math_G12,25,125.228000259399,-4.93349990844699,.9069191285361886,.1386110404750127,.0254806945101707,35.5924022468928,37.0298424167342,4.489000320434997,1.29670848737107,.560259076512941,120.294500350952,.713170437475998
Math_G12,50,150.285499572754,-4.195999908446993,.6484929645666893,.1178903261246802,.018219983019643,35.5924022468928,37.0298424167342,4.489000320434997,1.29670848737107,.435924873452109,146.089499664307,.480117308371877
Math_G12,75,175.321001434326,-2.895002746582009,1.145738843081176,.0813376609564121,.0321905454746651,35.5924022468928,37.0298424167342,4.489000320434997,1.29670848737107,.594022287185012,172.425998687744,.97972190894788
Math_G12,90,196.301501464844,-.3290008544919942,1.032906656231413,.009243569799246,.0290204254567163,35.5924022468928,37.0298424167342,4.489000320434997,1.29670848737107,.660137596519048,195.972500610352,.794427161009248
Math_G4,10,198.929501342774,-7.963503265380979,.5420982266317949,.2506984837118159,.0170657559757971,31.7652629863339,34.4639549277723,7.881505584715995,.7334777487069051,.312839302148548,190.965998077393,.442721197085193
Math_G4,25,220.472998809814,-5.178997802733988,.5119343473465323,.1630396639549971,.01611616902296,31.7652629863339,34.4639549277723,7.881505584715995,.7334777487069051,.23867321757134,215.29400100708,.452892781138388
Math_G4,50,242.123498535156,-2.083998107909991,.3473561737030235,.0656061972100332,.0109350951651955,31.7652629863339,34.4639549277723,7.881505584715995,.7334777487069051,.227039550221126,240.039500427246,.262886580191903
Math_G4,75,262.338500976563,-.5424987792970342,.5270583992150987,.0170783657459543,.0165922882313882,31.7652629863339,34.4639549277723,7.881505584715995,.7334777487069051,.294285608720789,261.796002197266,.437248826965856
Math_G4,90,279.794996643067,-.0819976806649834,.4940841229292973,.0025813631922475,.015554227369119,31.7652629863339,34.4639549277723,7.881505584715995,.7334777487069051,.373071624069556,279.712998962402,.323939321239205
Math_G8,10,230.776998901367,-11.43800048828101,.7591079477480855,.287763575143842,.019098059769092,39.7479093125792,41.9601928841103,6.439500427245008,1.028419524488274,.388189316134408,219.338998413086,.652344947994089
Math_G8,25,254.816000366211,-10.14249954223601,.5118709301420901,.255170642120444,.0128779334308307,39.7479093125792,41.9601928841103,6.439500427245008,1.028419524488274,.318754687293694,244.673500823975,.400508799469909
Math_G8,50,282.101998901367,-8.44700164794898,.5549166131043303,.2125143634982512,.0139609006536782,39.7479093125792,41.9601928841103,6.439500427245008,1.028419524488274,.408213194057209,273.654997253418,.375891521182365
Math_G8,75,309.454998779297,-6.466499328612997,.6472421420611485,.1626877851048763,.0162836776387711,39.7479093125792,41.9601928841103,6.439500427245008,1.028419524488274,.39429760096624,302.988499450684,.513275552049941
Math_G8,90,333.275498962403,-4.998500061035998,.6938312777717487,.1257550434093926,.0174557930158145,39.7479093125792,41.9601928841103,6.439500427245008,1.028419524488274,.400095938594785,328.276998901367,.566855433011218
Reading_G12,10,228.499499511719,-4.210998535155994,1.257297091191626,.09955266458583,.0297238943588241,42.2992046739789,42.8772343595055,1.529998779297017,1.823976220721487,.834474066168288,224.288500976563,.940451491790771
Reading_G12,25,258.080502319336,-2.843504333496014,.9646719902195413,.067223588609108,.0228059131998994,42.2992046739789,42.8772343595055,1.529998779297017,1.823976220721487,.560828840698273,255.23699798584,.7848968468245761
Reading_G12,50,288.420999145508,-2.239501953125,.9325065255968678,.0529443040450987,.0220454860270816,42.2992046739789,42.8772343595055,1.529998779297017,1.823976220721487,.663371917738144,286.181497192383,.6553671635329
Reading_G12,75,315.473501586914,-2.624505615234,1.001135737674688,.0620462166005809,.0236679565346663,42.2992046739789,42.8772343595055,1.529998779297017,1.823976220721487,.702675200413284,312.84899597168,.7131061127024459
Reading_G12,90,337.648501586914,-2.680999755858977,1.321398228483191,.0633818005922991,.0312393161684213,42.2992046739789,42.8772343595055,1.529998779297017,1.823976220721487,.712721454135412,334.967501831055,1.11270903971057
Reading_G4,10,168.299001312256,-9.966001129150982,.7402700282198527,.2587095946293587,.0192168309470518,38.5219618291653,41.2154215408216,8.66049880981501,.9091004408305847,.359477760589441,158.333000183105,.647128622703572
Reading_G4,25,196.978498840332,-8.31299896240202,.6323674292358769,.2157989512389833,.0164157638710162,38.5219618291653,41.2154215408216,8.66049880981501,.9091004408305847,.272140845261514,188.66549987793,.57081338973323
Reading_G4,50,224.634999084473,-5.611497497559014,.4782814208449638,.1456700861302059,.0124158116080903,38.5219618291653,41.2154215408216,8.66049880981501,.9091004408305847,.225105629903349,219.023501586914,.421995939448822
Reading_G4,75,247.704000854492,-3.159501647948986,.453801524864254,.0820181916476772,.0117803326548306,38.5219618291653,41.2154215408216,8.66049880981501,.9091004408305847,.272364463276762,244.544499206543,.362978543598769
Reading_G4,90,266.070997619629,-1.305502319335972,.5276967849416385,.0338898191407159,.0136985958109256,38.5219618291653,41.2154215408216,8.66049880981501,.9091004408305847,.362175971831828,264.765495300293,.383787001167852
Reading_G8,10,212.907500457764,-8.913500976563,.8345333980439383,.2361165824459486,.022106596992725,37.750423473978,40.1694144243232,7.042002868652958,1.059145245603552,.488155262608683,203.993999481201,.676868105348605
Reading_G8,25,239.941999053955,-7.215998840331991,.6650619271584673,.1911501428667708,.0176173368655561,37.750423473978,40.1694144243232,7.042002868652958,1.059145245603552,.309642604823159,232.726000213623,.58858204545676
Reading_G8,50,266.108497619629,-4.902496337891023,.5696881504739271,.12986599584162,.015090907546153,37.750423473978,40.1694144243232,7.042002868652958,1.059145245603552,.348036914526296,261.206001281738,.451015404301693
Reading_G8,75,289.358000183106,-3.205996704102006,.5277209480271412,.0849261123206195,.0139792060449576,37.750423473978,40.1694144243232,7.042002868652958,1.059145245603552,.258581378630215,286.152003479004,.460027248771594
Reading_G8,90,308.732000732422,-1.871498107910043,.652182994897787,.0495755526875108,.0172761769241436,37.750423473978,40.1694144243232,7.042002868652958,1.059145245603552,.313451150456393,306.860502624512,.571918731212233
