study_id,external_id,title,note
441,ED485162,When Schools Stay Open Late: The National Evaluation of the 21st Century Community Learning Centers Program. Final Report,"Resolver matched the surname james-burdumy to the first name in ""Kim, James 2005"" in the Fryer list; corrected by hand to the James-Burdumy et al. 2005 NCEE final report (ERIC ED485162), 2026-09-18."
537,https://d2tic4wvo1iusb.cloudfront.net/production/documents/projects/shared_maths_-_evaluation_report_v.1.1.0.pdf,Durham Shared Maths Project: Evaluation report and Executive summary,"Resolver auto-accepted the same authors' 2016 methods essay in Educational Research and Evaluation (10.1080/13803611.2016.1259113); Kraft's row (math, grades 2 and 4, n about 2,700, EEF source) is the July 2015 EEF evaluation report of the Durham Shared Maths cluster RCT (82 schools, four local authorities). Corrected by hand 2026-09-18; PDF fetched from the EEF file host."
360,ED507502,An Evaluation of the Teacher Advancement Program (TAP) in Chicago: Year One Impact Report. Final Report,"Retrieval fetched Jacob and Lefgren NBER w8916 through the NBER-twin title step; the Fryer-list resolution itself was right but carried no identifier. Kraft's row (Glazerman, McKie, Carey 2009; math and reading; ISAT; n 3,501; grades K-8; ES -0.04 both) is the Mathematica Chicago TAP year-one impact report, ERIC ED507502 with full text. Corrected by hand 2026-09-18."
361,ED544269,Transfer Incentives for High-Performing Teachers: Final Results from a Multisite Randomized Experiment. NCEE 2014-4003,"Resolver accepted Protik, Glazerman, Bruch, Teh 2015 (Education Finance and Policy, 10.1162/edfp_a_00174), and retrieval then pulled an unrelated Silverchair PDF (Kraft's Charlotte layoffs article). Fryer's reference 114 and Kraft's row (Glazerman, Protik, Teh, Bruch, Max 2013; math ES 0.12, reading ES 0.06; state tests; n 7,000; grades K-8) are the NCEE Talent Transfer Initiative final report, November 2013, ERIC ED544269 with full text. Corrected by hand 2026-09-18."
1046,ED565837,Impacts of Comprehensive Teacher Induction: Final Results from a Randomized Controlled Study. NCEE 2010-4027,"Resolver accepted a 2012 Teachers College Record article on urban induction (10.1177/016146811211401410). Kraft's ies90 row (Glazerman, Isenberg, Dolfin, Bleeker, Johnson, Grider, Jacobus 2010; state test reading and math by grade 2 to 6; n 614 and 741 at grade 4) is the NCEE comprehensive teacher induction final report, ERIC ED565837 with full text. Corrected by hand 2026-09-18."
634,ED529587,"Evaluation of the Effectiveness of the Alabama Math, Science, and Technology Initiative (AMSTI). Final Report. NCEE 2012-4008","Resolver matched the study-list author fields (dumont, trautwein, ludtke, neumann, niggli), which are wrong in Kraft's data, to Dumont et al. 2012 on parental homework (ERIC EJ953688). Kraft's citation string is Newman, Finney, Bell, Turner, Jaciw, Zacamy, and Feagans Gould 2012, AMSTI, NCEE 2012-4008, and the row (math SAT-10 problem solving and reading; n 18,710 to 18,713; grades 4-8; ES 0.05 and 0.06) matches that report. ERIC ED529587 with full text. Corrected by hand 2026-09-18."
974,ED581509,Effects of a Year Long Supplemental Reading Intervention for Students with Reading Difficulties in Fourth Grade,"Resolver accepted Petscher et al. 2017 on reading mindset (10.1080/10888438.2017.1313846) and retrieval then matched ERIC ED604029 by title. Kraft's BEE row (Wanzek, Petscher, Al Otaiba, Rivas, Jones, Kent 2017; reading; n 451; grade 4; ES 0.12) is Wanzek et al. 2017, Journal of Educational Psychology 109(8), DOI 10.1037/edu0000184, a year-long RCT of a supplemental reading intervention for fourth graders with reading difficulties. ERIC ED581509 is the author manuscript with full text (journal record EJ1160638). Corrected by hand 2026-09-18."
956,ED652174,Improving Content Knowledge and Comprehension for English Language Learners: Findings from a Randomized Control Trial,"Resolution to the JEP article (10.1037/edu0000069) was right, but Unpaywall's only open location was the APA supplemental file (PACT lesson plans), so text/ holds the supplement rather than the article. Kraft's WWC row (Vaughn, Martinez, Wanzek, Roberts, Swanson, Fall 2017; grade 8 social studies with English learners; n 1,236; ASK ES 0.40) matches the article; ERIC ED652174 carries the full-text author manuscript (journal record EJ1125544). Corrected by hand 2026-09-18."
297,https://www.nber.org/system/files/working_papers/w18237/w18237.pdf,Enhancing the Efficacy of Teacher Incentives Through Loss Aversion: A Field Experiment (NBER Working Paper 18237),"Resolver accepted Fryer, Levitt, and List 2015, Parental Incentives and Early Childhood Achievement (NBER w21477), which is the source of only the four prekindergarten rows (n 257) that Kraft folded into study 297. The two benchmark-cell rows (math, n 2,150, grades K-8, ES 0.10 and 0.20; the PPVT label on those rows is a carry-over from the prek rows) come from Fryer's reference 105, Fryer, Levitt, List, and Sadoff 2015, the Chicago Heights teacher-incentive experiment in nine K-8 schools, whose analysis samples are 2,144 to 2,347 students. NBER w18237 PDF (DOI 10.3386/w18237; published later in AEJ: Economic Policy). Corrected by hand 2026-09-18."
386,https://www.nber.org/system/files/working_papers/w20918/w20918.pdf,Motivation and Incentives in Education: Evidence from a Summer Reading Experiment (NBER Working Paper 20918),"Resolver accepted Kim, Guryan, White, Quinn, Capotosto, and Kingston 2016 (JREE, 6,383 students, 10.1080/19345747.2016.1164780), which does not fit n 397. Kraft's BEE row comes from the BEE summer-programs synthesis (Xie and Cheung 2020), whose table lists Guryan et al. (2016) as 9 schools, 397 students, grades 3-4, urban northeastern district, GMRT Total ES -0.10; that is Guryan, Kim, and Park 2016, Economics of Education Review 55, 1-20, DOI 10.1016/j.econedurev.2016.08.002 (n = 397 for GMRT total in its tables). The subject is reading (GMRT), not math as Kraft's row says. No open copy of the journal article; the NBER w20918 working-paper PDF is the same study. Corrected by hand 2026-09-18."
898,https://d2tic4wvo1iusb.cloudfront.net/production/documents/projects/IPEELL_1.pdf,"Calderdale Excellence Partnership: IPEELL. Evaluation report and executive summary (Education Endowment Foundation, November 2018)","Resolver accepted the Torgerson, Brooks, Gascoine, and Higgins 2019 phonics tertiary review (10.1080/02671522.2017.1420816), a review, not a trial. Kraft's eight BEE rows (KS2 reading, writing, spelling, and maths; n 2,465 for the one-year trial and 2,196 for the two-year trial; Years 5-6, US grades 4-5; ES 0.11 to -0.30) are the EEF IPEELL re-grant evaluation, Torgerson, Ainsworth, Bell, Elliott, Fountain, Gascoine, Hewitt, Kasim, Kokotsaki, and Torgerson, November 2018, whose summary table reports exactly those sample sizes. PDF on the EEF file host. Corrected by hand 2026-09-18."
1017,https://www.sri.com/wp-content/uploads/2021/12/pathway_i3_sri_technical_report_21dec17_final_in_jan.pdf,UC Irvine Writing Project's Pathway to Academic Success Program: An Investing in Innovation (i3) Validation Grant Evaluation. Technical Report,"Resolver accepted ERIC EJ1147938, the National Writing Project College-Ready Writers Program evaluation, and retrieval fetched its SREE abstract (ED567632). Kraft's WWC citation is Woodworth, Arshan, and Gallagher 2017, SRI International, Pathway i3 validation evaluation (grades 7-12; n 486; Analytic Writing Continuum ES 0.03). The URL in Kraft's citation now 404s; SRI hosts the same file at the 2021/12 upload path. Corrected by hand 2026-09-18."
954,10.1080/19345747.2012.741661,Collaborative Strategic Reading: Findings From Experienced Implementers,"Resolver accepted Vaughn and Parsons 2013 in Language Arts (10.58680/la201324283), an essay on adaptive teaching. Kraft's study 954 merges two Vaughn et al. 2013 RCTs: the three BEE rows (n 472, grades 7-8, GMRT and TOSREC, ES 0.10 and 0.11) are, per the BEE secondary reading table (48 classes, 472 students, grades 7-8, same teachers and schools as Vaughn et al. 2011), Vaughn, Roberts, Klingner, Swanson, Boardman, Stillman-Spisak, Mohammed, and Leroux 2013, JREE 6(2), 137-163, ERIC EJ998840; the one Fryer row (n 419, grade 8, GMRT 0.195) is Vaughn, Swanson, Roberts, Wanzek, Stillman-Spisak, Solis, and Simmons 2013, RRQ 48(1), DOI 10.1002/rrq.039, ERIC EJ996121. Resolved to the JREE CSR study that carries n_max and three of four effects; neither article has an open copy. Corrected by hand 2026-09-18."
284,10.3102/0162373711399148,Can a Mixed-Method Literacy Intervention Improve the Reading Achievement of Low-Performing Elementary School Students in an After-School Program? Results From a Randomized Controlled Trial of READ 180 Enterprise,"Resolution to WWC study 82599 was right, but retrieval followed the WWC page's template link and saved the 2016 ED non-regulatory ESSA evidence guidance PDF. The Fitzgerald and Hartry 2008 MPR/SEDL phase II report is not online; this is the peer-reviewed version of the same Brockton READ 180 afterschool RCT (Kim, Capotosto, Hartry, and Fitzgerald 2011, EEPA 33(2), grades 4-6, WWC study 89781), with an open author copy in Harvard DASH that Unpaywall returns for the DOI. Kraft's rows (n 185 to 296, grades 4-6, Stanford 10 reading, ES -0.01 to 0.32) are the 2008 report's cohort figures; the sample and eligibility rules are the same trial. Corrected by hand 2026-09-18."
265,https://ies.ed.gov/ncee/wwc/docs/interventionreports/wwc_pearson_112117.pdf,"WWC intervention report, Prentice Hall/Pearson Literature (2007-15), November 2017 (reviews Eddy, Ruitman, Hankel, and Sloper 2010)","Resolution to WWC study 82674 was right, but retrieval followed the WWC page's template link and saved the 2016 ED non-regulatory ESSA evidence guidance PDF. The Cobblestone efficacy report (Eddy et al. 2010; grades 7-10; n 1,518; GMRT ES -0.10) is not online anywhere found (not ERIC, Crossref, OpenAlex, or Pearson's site). The WWC intervention report is a substitute, not the cited document: it describes the Eddy et al. 2010 trial's setting, sample (1,518 students in grades 7, 8, and 10 in eight schools in four states), and outcomes. Coders should treat it as secondary. Recorded by hand 2026-09-18."
347,https://ies.ed.gov/ncee/wwc/Docs/InterventionReports/wwc_investigations_021213.pdf,"WWC intervention report, Investigations in Number, Data, and Space, February 2013 (reviews Gatti and Giordano 2010, the final report of the trial whose 2007-08 year-one report Kraft cites)","Resolution to WWC study 82125 was right, but retrieval followed the WWC page's template link and saved the 2016 ED non-regulatory ESSA evidence guidance PDF. Neither Gatti and Giordano's 2008 year-one report (grades 1 and 4; n 1,363; GMADE ES -0.14 and -0.31, the figures in Kraft's rows) nor their 2010 final report is online. The WWC intervention report is a substitute, not the cited document: it describes the same Gatti Evaluation RCT's setting and sample. Coders should treat it as secondary. Recorded by hand 2026-09-18."
733,https://ies.ed.gov/ncee/wwc/Docs/InterventionReports/wwc_sfaw_052913.pdf,"WWC intervention report, Scott Foresman-Addison Wesley Elementary Mathematics, May 2013 (reviews Resendez and Manley 2005)","Resolution to WWC study 77321 was right, but retrieval followed the WWC page's template link and saved the 2016 ED non-regulatory ESSA evidence guidance PDF. The PRES Associates final report (Resendez and Manley 2005; 35 teachers of second- and fourth-grade students; n 645; TerraNova ES -0.04, -0.21, 0.10) is not online and the PRES Associates site is gone. The WWC intervention report is a substitute, not the cited document: it describes the Resendez and Manley 2005 trial's setting and sample and distinguishes it from the Resendez and Azin 2006 grade 3 and 5 trial. Coders should treat it as secondary. Recorded by hand 2026-09-18."
992,https://pure.manchester.ac.uk/ws/files/82889819/FRIENDS.pdf,FRIENDS for Life: Evaluation report and executive summary,"Resolver fetched the EEF Good Behaviour Game report (Humphrey et al. 2018, Year 3). Kraft's surnames (Wigelsworth, Squires, Birchinall, Kalambouka, Lendrum, Black, Troncoso, Santos, Ashworth, Britteon) are the FRIENDS for Life evaluation team (EEF 2018, Year 5, n about 1,500). Found by the reliability recoder 2026-09-18; PDF on the Manchester repository."
