study_id,wwc_study_id,note
197,none,"Coder (other): matched to Smith, Cobb, Farran, Cordray, Munter 2013 math tutoring; Kraft row is the MAP report. 2026-09-18"
986,none,Coder (other): matched to Snipes et al. 2015 summer math; Kraft row is ANet. 2026-09-18
1046,none,Coder (other): matched to Chicago TAP; Kraft row is the NCEE comprehensive induction RCT. 2026-09-18
1071,none,Coder (other): matched to Ukrainetz et al. 2011 preschool phonemic awareness; Kraft row is Success in Sight. 2026-09-18
866,none,"Coder (bee-b): matched to Mokher, Lee, Sun 2016 Tennessee high schools; Kraft row is an elementary math study. 2026-09-18"
942,none,Coder (bee-b): matched to a Louisiana Title I middle-school study; Kraft row is the Everyday Mathematics K-5 scale-up. 2026-09-18
815,none,Coder (bee-b): matched to a Vaughn/Swanson/Roberts paper with empty sample fields. 2026-09-18
202,none,Coder (fryer-a): row duplicates study 82 (Bifulco magnet schools); Kraft row is Courtney foster-youth tutoring. 2026-09-18
432,none,Coder (bee-a): matched to Newman et al. AMSTI. 2026-09-18
483,none,"Coder (bee-a): matched to the Pathway Project, which is study 485; 483 is READ 180 after-school. 2026-09-18"
526,none,"Coder (bee-a): matched to Hemelt, Lenard, Paeplow 2019 career academies; Kraft row is DreamBox. 2026-09-18"
490,none,"Coder (wwc-a): matched to STARI (Kim, Hemphill, Troyer 2017); Kraft row is Word Generation (Kim, Hsin, Snow). 2026-09-18"
340,none,Coder (wwc-a): matched to the CRWP writing record (same as 341); 340 is the C. Gallagher Algebra I STEM trial. 2026-09-18
938,none,Coder (wwc-b): matched to a kindergarten EL study; Kraft row is the grade 4-5 vocabulary trial. 2026-09-18
961,none,Coder (wwc-b): matched to a grade 6 study n 282-326; Kraft row is the grade 7-8 group-size study n 420. 2026-09-18
488,none,Coder (fryer-b): matched to Denton et al. Responsive Reading; Kraft row is Kim 2007. 2026-09-18
974,none,Coder (bee-b): matched to a Vaughn/Martinez/Wanzek study; Kraft row is Wanzek et al. 2017 grade 4. 2026-09-18
536,none,"Coder (eef): matched to Kennedy, Deshler, Lloyd 2015. 2026-09-18"
537,none,"Coder (eef): matched to Kennedy, Deshler, Lloyd 2015. 2026-09-18"
761,none,Coder (eef): matched to Barnett et al. SUNY placement. 2026-09-18
762,none,Coder (eef): matched to Barnett et al. SUNY placement. 2026-09-18
876,none,"Coder (eef): matched to Sutherland, Conroy et al. 2018 early childhood. 2026-09-18"
888,none,"Coder (eef): matched to Miller et al. 2016 Texting Parents, which is study 607. 2026-09-18"
