study_id,key,kraft_citation,n_max,es_list,candidate_study_id,candidate_score,candidate_citation,accepted,reviewer,note
65,65-beam-2011,"Beam, Margaret, Faddis, Bonnie J., Hahn, Karen. (2011). Evaluation of ""System 44."" Final Report [2011]. RMC Research Corporation.",340,-0.11;0.09;0.33;0.21;0.36;0.58;0.58,89969,7,"Beam, Margaret, Faddis, Bonnie J., Hahn, Karen. (2011). Evaluation of ""System 44."" Final Report [2011]. RMC Research Corporation.",89969,wwc-a,"Exact citation match: Beam, Faddis, Hahn 2011 System 44 Final Report; n 425 randomized fits Kraft n_max 340 analytic. 89968 is the separate 2012 Michigan trial (study 66); 81690 is the Portland Striving Readers report."
65,65-beam-2011,"Beam, Margaret, Faddis, Bonnie J., Hahn, Karen. (2011). Evaluation of ""System 44."" Final Report [2011]. RMC Research Corporation.",340,-0.11;0.09;0.33;0.21;0.36;0.58;0.58,81690,7,"Faddis, Bonnie J., Beam, Margaret, Maxim, Lauren, Gandhi, Elizabeth Vale, Hahn, Karen, Hale, Rita. (2011). Portland Public Schools' Striving Readers Program: Year 5 Evaluation Report. RMC Research Corporation.",,wwc-a,Not the cited study; see accepted row.
65,65-beam-2011,"Beam, Margaret, Faddis, Bonnie J., Hahn, Karen. (2011). Evaluation of ""System 44."" Final Report [2011]. RMC Research Corporation.",340,-0.11;0.09;0.33;0.21;0.36;0.58;0.58,89968,6,"Beam, Margaret, Faddis, Bonnie. (2012). Evaluation of ""System 44."" Final Report [2012]. RMC Research Corporation.",,wwc-a,Not the cited study; see accepted row.
66,66-beam-2012,"Beam, Margaret, Faddis, Bonnie. (2012). Evaluation of ""System 44."" Final Report [2012]. RMC Research Corporation.",317,0.16;-0.03;0.32;0.17;0.10;0.16,89969,6,"Beam, Margaret, Faddis, Bonnie J., Hahn, Karen. (2011). Evaluation of ""System 44."" Final Report [2011]. RMC Research Corporation.",,wwc-a,Not the cited study; see accepted row.
66,66-beam-2012,"Beam, Margaret, Faddis, Bonnie. (2012). Evaluation of ""System 44."" Final Report [2012]. RMC Research Corporation.",317,0.16;-0.03;0.32;0.17;0.10;0.16,89968,6,"Beam, Margaret, Faddis, Bonnie. (2012). Evaluation of ""System 44."" Final Report [2012]. RMC Research Corporation.",89968,wwc-a,"Exact citation match: Beam and Faddis 2012 System 44 Final Report; 317 students received the allocated condition, equal to Kraft n_max 317. 89969 is the 2011 California trial (study 65)."
66,66-beam-2012,"Beam, Margaret, Faddis, Bonnie. (2012). Evaluation of ""System 44."" Final Report [2012]. RMC Research Corporation.",317,0.16;-0.03;0.32;0.17;0.10;0.16,81690,6,"Faddis, Bonnie J., Beam, Margaret, Maxim, Lauren, Gandhi, Elizabeth Vale, Hahn, Karen, Hale, Rita. (2011). Portland Public Schools' Striving Readers Program: Year 5 Evaluation Report. RMC Research Corporation.",,wwc-a,Not the cited study; see accepted row.
66,66-beam-2012,"Beam, Margaret, Faddis, Bonnie. (2012). Evaluation of ""System 44."" Final Report [2012]. RMC Research Corporation.",317,0.16;-0.03;0.32;0.17;0.10;0.16,81120,5,"McWilliams, A. E., & Beam, L. R. (2013). Advising, counseling, coaching, mentoring: Models of developmental relationships in higher education. The Mentor: An Academic Advising Journal. Retrieved from http://dus.psu.edu/",,wwc-a,Not the cited study; see accepted row.
406,406-hill-2016,"Hill, D. V., & Lenard, M. A. (2016). The impact of Achieve3000 on elementary literacy outcomes: Randomized control trial evidence, 2013-14 to 2014-15 (DRA Repor",12851,-0.05;0.01;-0.02;0.13,85405,6,"Hill, Darryl V.; Lenard, Matthew A. (2016). The Impact of Achieve3000 on Elementary Literacy Outcomes: Randomized Control Trial Evidence, 2013-14 to 2014-15. Eye on Evaluation. DRA Report No. 16.02. Wake County Public School System.",85405,wwc-a,"Exact match to the Kraft citation (DRA Report No. 16.02, Wake County); 85446 is the SREE conference version of the same trial, kept as second choice. 90109 and 92572 are unrelated Hills."
406,406-hill-2016,"Hill, D. V., & Lenard, M. A. (2016). The impact of Achieve3000 on elementary literacy outcomes: Randomized control trial evidence, 2013-14 to 2014-15 (DRA Repor",12851,-0.05;0.01;-0.02;0.13,85446,6,"Hill, Darryl V.; Lenard, Matthew A.; Page, Lindsay Coleman. (2016). The Impact of Achieve3000 on Elementary Literacy Outcomes: Evidence from a Two-Year Randomized Control Trial. Society for Research on Educational Effectiveness.",,wwc-a,Not the cited study; see accepted row.
406,406-hill-2016,"Hill, D. V., & Lenard, M. A. (2016). The impact of Achieve3000 on elementary literacy outcomes: Randomized control trial evidence, 2013-14 to 2014-15 (DRA Repor",12851,-0.05;0.01;-0.02;0.13,90109,5,"Hill, K. (2016). Effects of enrollment in college success skills course on academic outcomes of community college students (Doctoral dissertation). https://digitalcommons.liberty.edu
",,wwc-a,Not the cited study; see accepted row.
406,406-hill-2016,"Hill, D. V., & Lenard, M. A. (2016). The impact of Achieve3000 on elementary literacy outcomes: Randomized control trial evidence, 2013-14 to 2014-15 (DRA Repor",12851,-0.05;0.01;-0.02;0.13,92572,5,"Jacob, Robin; Hill, Heather; Corey, Doug. (2017). The Impact of a Professional Development Program on Teachers' Mathematical Knowledge for Teaching, Instruction, and Student Achievement. Journal of Research on Educational Effectiveness, v10 n2 p379-4",,wwc-a,Not the cited study; see accepted row.
588,588-meisch-2011,"Meisch, A., Hamilton, J., Chen, E.,Â Quintanilla, P.,Â Fong, P.,Â Gray-Adams, K.,Â ...Thornton, N. (2011). Striving Readers study: Targeted and whole-school int",2555,0.06;0.10;0.11;0.05;0.18;0.10;0.08;0.04;-0.01;0.07;0.13;0.01;0.03;0.21;0.13;0.09;-0.06;0.06;0.12;0.14;0.04;0.09;0.07;0.15;0.06;0.07;0.01;0.02;0.09,81694,7,"Meisch, A., Hamilton, J., Chen, E., Quintanilla, P., Fong, P., Gray-Adams, K., ...Thornton, N. (2011). Striving Readers study: Targeted and whole-school interventions—year 5. Rockville, MD: Westat.",81694,wwc-a,"Exact match to the Kraft citation (Striving Readers Year 5, Westat, 2011); 89755 is a second WWC record of the same Year 5 report (READ 180 vs business as usual), 82743 is the Year 4 report, 82744 the 2010 Newark report."
588,588-meisch-2011,"Meisch, A., Hamilton, J., Chen, E.,Â Quintanilla, P.,Â Fong, P.,Â Gray-Adams, K.,Â ...Thornton, N. (2011). Striving Readers study: Targeted and whole-school int",2555,0.06;0.10;0.11;0.05;0.18;0.10;0.08;0.04;-0.01;0.07;0.13;0.01;0.03;0.21;0.13;0.09;-0.06;0.06;0.12;0.14;0.04;0.09;0.07;0.15;0.06;0.07;0.01;0.02;0.09,89755,7,"Meisch, Allison; Hamilton, Jennifer; Chen, Eva; Quintanilla, Priscilla; Fong, Pauline; Gray-Adams, Karen; Petta, Ian; Thornton, Nancy. (2011). Striving Readers Study: Targeted &amp; Whole-School Interventions -- Year 5. [READ 180 vs. business as usua",,wwc-a,Not the cited study; see accepted row.
588,588-meisch-2011,"Meisch, A., Hamilton, J., Chen, E.,Â Quintanilla, P.,Â Fong, P.,Â Gray-Adams, K.,Â ...Thornton, N. (2011). Striving Readers study: Targeted and whole-school int",2555,0.06;0.10;0.11;0.05;0.18;0.10;0.08;0.04;-0.01;0.07;0.13;0.01;0.03;0.21;0.13;0.09;-0.06;0.06;0.12;0.14;0.04;0.09;0.07;0.15;0.06;0.07;0.01;0.02;0.09,82743,7,"Hamilton, J., Meisch, A., Chen, E., Quintanilla, P., Fong, P., Gray-Adams, K., …Thornton, N. (2011). Striving Readers study: Targeted and whole school interventions—Year 4. Rockville, MD: Westat.",,wwc-a,Not the cited study; see accepted row.
588,588-meisch-2011,"Meisch, A., Hamilton, J., Chen, E.,Â Quintanilla, P.,Â Fong, P.,Â Gray-Adams, K.,Â ...Thornton, N. (2011). Striving Readers study: Targeted and whole-school int",2555,0.06;0.10;0.11;0.05;0.18;0.10;0.08;0.04;-0.01;0.07;0.13;0.01;0.03;0.21;0.13;0.09;-0.06;0.06;0.12;0.14;0.04;0.09;0.07;0.15;0.06;0.07;0.01;0.02;0.09,82744,7,"Hamilton, J., Meisch, A., Gray-Adams, K., Petta, I., & Chen, E. (2010). Evaluation of the Striving Readers program in Newark, New Jersey. Rockville, MD: Westat.",,wwc-a,Not the cited study; see accepted row.
601,601-meyers-2015,"Meyers, C., Molefe, A., Dhillon, S., & Zhu, B. (2015). The impact of eMINTS professional development on teacher instruction and student achievement. Year 3 repo",2087,-0.04;0.13;0.18;-0.08,81457,8,"Meyers, C., Molefe, A., Dhillon, S., & Zhu, B. (2015). The impact of eMINTS professional development on teacher instruction and student achievement. Year 3 report. Washington, DC: American Institutes for Research.",81457,wwc-b,"Year 3 report (2015), n and grades 7-8 fit. WWC lists it twice (81457 and 89417, identical citations differing by punctuation); 81457 is the one in the export with sample data, so accepted."
601,601-meyers-2015,"Meyers, C., Molefe, A., Dhillon, S., & Zhu, B. (2015). The impact of eMINTS professional development on teacher instruction and student achievement. Year 3 repo",2087,-0.04;0.13;0.18;-0.08,89417,8,"Meyers, C., Molefe, A., Dhillon, S., & Zhu, B. (2015). The impact of eMINTS professional development on teacher instruction and student achievement: Year 3 report. Washington, DC: American Institutes for Research.",none,wwc-b,not the study Kraft cited; see accepted row
601,601-meyers-2015,"Meyers, C., Molefe, A., Dhillon, S., & Zhu, B. (2015). The impact of eMINTS professional development on teacher instruction and student achievement. Year 3 repo",2087,-0.04;0.13;0.18;-0.08,87694,8,"Meyers, Coby V.; Molefe, Ayrin; Brandt, W. Christopher; Zhu, Bo; Dhillon, Sonica. (2016). Impact Results of the eMINTS Professional Development Validation Study: Professional Development Validation Study. Educational Evaluation and Policy Analysis, v",none,wwc-b,not the study Kraft cited; see accepted row
601,601-meyers-2015,"Meyers, C., Molefe, A., Dhillon, S., & Zhu, B. (2015). The impact of eMINTS professional development on teacher instruction and student achievement. Year 3 repo",2087,-0.04;0.13;0.18;-0.08,89416,6,"Meyers, Coby; Molefe, Ayrin; Brandt, Chris. (2015). The Impact of the &quot;Enhancing Missouri&apos;s Instructional Networked Teaching Strategies&quot; (eMINTS) Program on Student Achievement, 21st-Century Skills, and Academic Engagement--Second-Year",none,wwc-b,not the study Kraft cited; see accepted row
601,601-meyers-2015,"Meyers, C., Molefe, A., Dhillon, S., & Zhu, B. (2015). The impact of eMINTS professional development on teacher instruction and student achievement. Year 3 repo",2087,-0.04;0.13;0.18;-0.08,82154,5,"Meyers, C., & Brandt, W. C. (2015). A summary of external program evaluation for the eMINTS (enhancing Missouri's Instructional Networked Teaching Strategies) Program from 1999-2015. Naperville, IL: Learning Point Associates.",none,wwc-b,not the study Kraft cited; see accepted row
601,601-meyers-2015,"Meyers, C., Molefe, A., Dhillon, S., & Zhu, B. (2015). The impact of eMINTS professional development on teacher instruction and student achievement. Year 3 repo",2087,-0.04;0.13;0.18;-0.08,94860,5,"Plante, E., Ogilvie, T., Vance, R., Aguilar, J. M., Dailey, N. S., Meyers, C., Lieser, A. M., & Burton, R. (2014). Variability in the language input to children enhances learning in a treatment context. American Journal of Speech-Language Pathology, ",none,wwc-b,not the study Kraft cited; see accepted row
658,658-pane-2013,"Pane, J. F., Griffin, B. A., McCaffrey, D. F., & Karam, R. (2013). Effectiveness of Cognitive Tutor Algebra I at scale [Middle school]. Educational Evaluation a",2765,-0.09;0.10,82197,8,"Pane, J. F., Griffin, B. A., McCaffrey, D. F., & Karam, R. (2013). Effectiveness of Cognitive Tutor Algebra I at scale [High school]. Educational Evaluation and Policy Analysis, 36, 127–144.",none,wwc-b,not the study Kraft cited; see accepted row
658,658-pane-2013,"Pane, J. F., Griffin, B. A., McCaffrey, D. F., & Karam, R. (2013). Effectiveness of Cognitive Tutor Algebra I at scale [Middle school]. Educational Evaluation a",2765,-0.09;0.10,82098,8,"Pane, J. F., Griffin, B. A., McCaffrey, D. F., & Karam, R. (2014). Addendum to effectiveness of Cognitive Tutor Algebra I at scale (Working Paper WR-1050-DEIES) (high school experiment). Santa Monica, CA: RAND Corporation.",none,wwc-b,not the study Kraft cited; see accepted row
658,658-pane-2013,"Pane, J. F., Griffin, B. A., McCaffrey, D. F., & Karam, R. (2013). Effectiveness of Cognitive Tutor Algebra I at scale [Middle school]. Educational Evaluation a",2765,-0.09;0.10,82099,8,"Pane, J. F., Griffin, B. A., McCaffrey, D. F., & Karam, R. (2014). Addendum to effectiveness of Cognitive Tutor Algebra I at scale (Working Paper WR-1050-DEIES) (middle school experiment). Santa Monica, CA: RAND Corporation.",none,wwc-b,not the study Kraft cited; see accepted row
658,658-pane-2013,"Pane, J. F., Griffin, B. A., McCaffrey, D. F., & Karam, R. (2013). Effectiveness of Cognitive Tutor Algebra I at scale [Middle school]. Educational Evaluation a",2765,-0.09;0.10,82102,8,"Pane, J. F., Griffin, B. A., McCaffrey, D. F., Karam, R., Daugherty, L., & Phillips, A. (2013). Does an algebra course with tutoring software improve student learning? (high school experiment). Santa Monica, CA: RAND Corporation.",none,wwc-b,not the study Kraft cited; see accepted row
658,658-pane-2013,"Pane, J. F., Griffin, B. A., McCaffrey, D. F., & Karam, R. (2013). Effectiveness of Cognitive Tutor Algebra I at scale [Middle school]. Educational Evaluation a",2765,-0.09;0.10,82103,8,"Pane, J. F., Griffin, B. A., McCaffrey, D. F., Karam, R., Daugherty, L., & Phillips, A. (2013). Does an algebra course with tutoring software improve student learning? (middle school experiment). Santa Monica, CA: RAND Corporation.",82103,wwc-b,"Kraft tags the row [Middle school] with grade 8 and n_max 2765, so it is the middle school experiment. The EEPA article is listed by the WWC as the high school study (82197); the middle school experiment is reviewed as the 2013 RAND report 82103 (2014 addendum is 82099). Neither is in the export."
658,658-pane-2013,"Pane, J. F., Griffin, B. A., McCaffrey, D. F., & Karam, R. (2013). Effectiveness of Cognitive Tutor Algebra I at scale [Middle school]. Educational Evaluation a",2765,-0.09;0.10,82101,8,"Pane, John F.; Griffin, Beth Ann; McCaffrey, Daniel F.; Karam, Rita. (2014). Effectiveness of Cognitive Tutor Algebra I at Scale. Educational Evaluation and Policy Analysis, v36 n2 p127-144.",none,wwc-b,not the study Kraft cited; see accepted row
658,658-pane-2013,"Pane, J. F., Griffin, B. A., McCaffrey, D. F., & Karam, R. (2013). Effectiveness of Cognitive Tutor Algebra I at scale [Middle school]. Educational Evaluation a",2765,-0.09;0.10,81568,5,"Pane, J. F., & Baird, M. (2014). Methods used to estimate achievement effects in personalized learning schools (RAND Working Paper No. WR-1061-BMGF). Santa Monica, CA: RAND Corporation.",none,wwc-b,not the study Kraft cited; see accepted row
724,724-rappaport-2017,"Rappaport, S., Grossman, J., Garcia, I., Zhu, P., Avila, O., & Granito, K. (2017). Group Work is Not Cooperative Learning: An Evaluation of PowerTeaching in Mid",26808,-0.01;-0.04;-0.08;0.00;0.01;0.02;-0.10;-0.07,89971,9,"Rappaport, Shelley; Grossman, Jean; Garcia, Ivonne; Zhu, Pei; Avila, Osvaldo; Granito, Kelly. (2017). Group Work is Not Cooperative Learning: An Evaluation of PowerTeaching in Middle Schools. A Report from the Investing in Innovation (i3) Evaluation.",89971,wwc-b,Main i3 evaluation report (2017); Kraft n_max 26808 and eight effects fit the full report rather than the 2014-15 working paper 90340.
724,724-rappaport-2017,"Rappaport, S., Grossman, J., Garcia, I., Zhu, P., Avila, O., & Granito, K. (2017). Group Work is Not Cooperative Learning: An Evaluation of PowerTeaching in Mid",26808,-0.01;-0.04;-0.08;0.00;0.01;0.02;-0.10;-0.07,90340,9,"Rappaport, Shelley; Grossman, Jean; Garcia, Ivonne; Zhu, Pei; Avila, Osvaldo; Granito, Kelly. (2017). Group Work Is Not Cooperative Learning: An In-Depth Look at the 2014-2015 Academic Year. A Working Paper from the Investing in Innovation (i3) Evalu",none,wwc-b,not the study Kraft cited; see accepted row
