study_id,key,citation,sources,year,subjects,n_max,es_list,in_library,reason,candidates,accepted_service,accepted_id,accepted_title,reviewer,review_note
609,609-miller-2016,"Miller, S., Davison, J., Yohanis, J., Sloan, S., Gildea, A., & Thurston, A. (2016). Texting Parents: Evaluation report and executive summary. London, England: Educational Endowment Foundation.",wwc,2016,Math;Reading,11587,0.06;0.02;0.04;-0.00;-0.02;-0.01;0.04;-0.04;-0.04;0.03,,low-margin,"[{""service"": ""crossref"", ""external_id"": ""10.1016/j.ijer.2017.01.003"", ""title"": ""Evaluation of Zippy’s Friends for improving socio-emotional and academic outcomes in six to seven year olds: Protocol for a cluster randomised controlled trial and process evaluation"", ""year"": 2017, ""authors"": ""Sloan; Gildea; Miller; Poulton; Egar; Thurston"", ""score"": 7}, {""service"": ""crossref"", ""external_id"": ""10.1016/j.ijer.2015.01.001"", ""title"": ""Research protocol: A randomized controlled trial of functional family therapy: An Early Intervention Foundation (EIF) partnership between Croydon Council and Queen's University Belfast"", ""year"": 2015, ""authors"": ""Thurston; Miller; Dunne; Lazenbatt; Gildea; Stepien; Tapsell"", ""score"": 6}, {""service"": ""eric"", ""external_id"": ""EJ1465988"", ""title"": ""A Queer Literacy Framework Promoting (A)Gender and (A)Sexuality Self-Determination and Justice"", ""year"": 2015, ""authors"": ""Sj Miller"", ""score"": 6}, {""service"": ""eric"", ""external_id"": ""ED668153"", ""title"": ""Revisiting the Past: Interviews with Low-Income Parents about School Memories and Children&apos;s Early Beginnings. Sage Research Methods Cases Part 2"", ""year"": 2016, ""authors"": ""Kyle Miller"", ""score"": 5}, {""service"": ""eric"", ""external_id"": ""EJ1129511"", ""title"": ""What Are the Odds: An Examination of Adolescent Interracial Romance and Risk for Depression"", ""year"": 2017, ""authors"": ""Miller, Byron"", ""score"": 5}]",eric,ED581121,Texting Parents: Evaluation Report and Executive Summary,wwc-b,"Exact title and all six surnames (Miller, Davison, Yohanis, Sloan, Gildea, Thurston) in ERIC ED581121; ERIC dates it 2017, within one year of 2016; EEF trial of 15,697 pupils in 36 English secondary schools with English and maths outcomes, and the report's maths analysis sample is 11,590, so Kraft n_max 11587 is an analytic subsample, consistent with Math;Reading. Full text at files.eric.ed.gov/fulltext/ED581121.pdf."
619,619-usdepartmentofeducation-2015,N/A. (2015). U.S. Department of Education Grant Performance Report (ED-524B): CSR Colorado. U.S. Department of Education.,wwc,2015,Reading,6146,0.04;0.01,,ambiguous,"[{""service"": ""crossref"", ""external_id"": ""10.2172/1259960"", ""title"": ""Final report, Department of Energy grant number DESC0006806"", ""year"": 2015, ""authors"": ""Mapes"", ""score"": 2}, {""service"": ""crossref"", ""external_id"": ""10.1037/e483142006-006"", ""title"": ""ED report card"", ""year"": 2004, ""authors"": """", ""score"": 0}, {""service"": ""crossref"", ""external_id"": ""10.1037/e483042006-004"", ""title"": ""Grant policies"", ""year"": 2005, ""authors"": """", ""score"": 0}, {""service"": ""crossref"", ""external_id"": ""10.1037/e483232006-006"", ""title"": ""HBCU Grant"", ""year"": 2004, ""authors"": """", ""score"": 0}]",none,unresolved,,wwc-b,"Kraft cites an ED-524B grant performance report with no author, no public identifier, and no copy in ERIC, Crossref, or web search. CSR Colorado is the Collaborative Strategic Reading i3 validation grant to Denver Public Schools (U396B100143; project narrative at ed.gov/media/document/u396b100143pdf-103950.pdf). The related published evaluation, Boardman et al. 2015, 10.1007/s11145-015-9570-3, is a different document and its sample was not checked against n_max 6146, so it is not accepted."
661,661-park-2021,"Park, C., Arshan, N., Milby, A., & Goetz, R. (2021). Evaluation of the College, Career, and Community Writers Program: Findings from the i3 Scale-up Grant. Technical Report. Menlo Park, CA: SRI International.",wwc,2021,Reading,1856,0.19;0.19;0.19;0.19,,ambiguous,"[{""service"": ""crossref"", ""external_id"": ""10.1080/19345747.2023.2179953"", ""title"": ""Supporting Teachers in Argument Writing Instruction at Scale: A Replication Study of the College, Career, and Community Writers Program (C3WP)"", ""year"": 2023, ""authors"": ""Arshan; Park; Goetz"", ""score"": 5}, {""service"": ""eric"", ""external_id"": ""EJ1331196"", ""title"": ""Where Are the Crosshairs in the Finderscope? &quot;Another Activity Using a Cardboard Telescope&quot;"", ""year"": 2021, ""authors"": ""Park, Jeongwoo; Park, Hee Kyung"", ""score"": 5}, {""service"": ""eric"", ""external_id"": ""ED646952"", ""title"": ""A Study on Investigating the Community Experiences of Teachers of Students with Visual Impairments in Creating Math and Science Tactile Graphics"", ""year"": 2022, ""authors"": ""Jinseok Park"", ""score"": 5}, {""service"": ""eric"", ""external_id"": ""ED641522"", ""title"": ""Interplay of Working Memory and Planning Time in Integrated Listen-to-Speak Task Performance"", ""year"": 2021, ""authors"": ""Yena Park"", ""score"": 5}, {""service"": ""eric"", ""external_id"": ""ED648791"", ""title"": ""Multisensory Alphabet Instruction for Young Children"", ""year"": 2022, ""authors"": ""Somin Park"", ""score"": 5}]",eric,ED611837,"Evaluation of the College, Career, and Community Writers Program: Findings from the i3 Scale-Up Grant. Technical Report",wwc-b,"Exact title, year 2021, and authors Park, Arshan, Milby, Goetz in ERIC ED611837; cluster RCT of 48 rural districts with a source-based argument writing outcome (Reading). The 2023 JREE article by Arshan, Park, Goetz (10.1080/19345747.2023.2179953; ERIC EJ1408303) is the journal version of the same study; Kraft cites the technical report. Sample size not stated in the ERIC abstract; n_max 1856 not directly checked."
665,665-patel-2018,"Patel, D., Wei, X., Laguarda, K., Stites, R., Cheever, H., & Goetz, R. (2018). Evaluation of Education Connections: Supporting teachers with standards-based instruction for English learners in mainstream classrooms. Final report. Menlo Park, CA: SRI International. https://www.sri.com/wp-content/uploads/pdf/evaluation_of_edconx_final_report_3-22-18_final.pdf",wwc,2018,Reading,924,0.05,,low-margin,"[{""service"": ""eric"", ""external_id"": ""EJ1195132"", ""title"": ""A Nation under Two Flags: Liberal Education, Interfaith Literacy, and the New American Holy War"", ""year"": 2018, ""authors"": ""Patel, Eboo"", ""score"": 6}, {""service"": ""eric"", ""external_id"": ""EJ1474790"", ""title"": ""Emerging Considerations for Diversity Education of South Asian American Students"", ""year"": 2017, ""authors"": ""Purvi Patel; Viraj Patel"", ""score"": 5}, {""service"": ""eric"", ""external_id"": ""EJ1143091"", ""title"": ""Are DACA Students Still Safe to Stay?"", ""year"": 2017, ""authors"": ""Patel, Pooja"", ""score"": 5}, {""service"": ""eric"", ""external_id"": ""EJ1140021"", ""title"": ""On Building a Diverse Democracy: Justice and Identity in the Twenty-First Century"", ""year"": 2017, ""authors"": ""Patel, Eboo"", ""score"": 5}, {""service"": ""eric"", ""external_id"": ""EJ1196999"", ""title"": ""Immigrant Populations and Sanctuary Schools"", ""year"": 2018, ""authors"": ""Patel, Leigh"", ""score"": 5}]",web,https://www.sri.com/publication/evaluation-of-education-connections-supporting-teachers-with-standards-based-instruction-for-english-learners-in-mainstream-classrooms/,Evaluation of Education Connections: Supporting Teachers with Standards-Based Instruction for English Learners in Mainstream Classrooms. Final Report,wwc-b,"Not in ERIC or Crossref. The SRI publication page (Kraft PDF URL now 404; current PDF at sri.com/wp-content/uploads/2021/12/evaluation_of_edconx_final_report_3-22-18_final.pdf) carries the exact title, February 2018, authors Patel, Wei, Laguarda, Stites, Cheever, Goetz; the report Exhibit 3 gives a student analytic sample of 924 and a composite ES of 0.05, matching n_max 924 and es_list."
698,698-programevaluationgroupcollegeofeducationuniversityofgeorgia-2015,"Program Evaluation Group, College of Education, University of Georgia. (2015). EngageME P.L.E.A.S.E impact study results [Middle school]. Athens, GA: Author.",wwc,2015,Math;Reading,7859,-0.05;-0.01,,ambiguous,"[{""service"": ""crossref"", ""external_id"": ""10.19070/2330-0027-150002"", ""title"": ""Novel Approaches to the Prevention and Treatment of Rabies"", ""year"": 2015, ""authors"": ""; Fu; CW; ; CT; ; D; "", ""score"": 2}, {""service"": ""crossref"", ""external_id"": ""10.3934/mbe.2025039"", ""title"": ""Finite mixture models of superspreading in epidemics"", ""year"": 2025, ""authors"": ""O'Regan; ; Drake; "", ""score"": 1}, {""service"": ""crossref"", ""external_id"": ""10.26616/nioshheta812261048"", ""title"": ""Health hazard evaluation report: HETA-81-226-1048, University of Georgia College of Veterinary Medicine Histopathology Laboratory, Athens, Georgia."", ""year"": 1982, ""authors"": """", ""score"": 0}, {""service"": ""crossref"", ""external_id"": ""10.3934/allergy.2026002"", ""title"": ""Aging and immunity"", ""year"": 2026, ""authors"": ""Rosenthal; "", ""score"": 0}, {""service"": ""crossref"", ""external_id"": ""10.5962/bhl.title.80846"", ""title"": ""Proceedings of the seventeenth Southern Forest Tree Improvement Conference, June 6-9, 1983, University of Georgia, Athens, Georgia"", ""year"": 1983, ""authors"": ""; ; "", ""score"": 0}]",web,https://www.ed.gov/media/document/investing-innovation-i3-grantee-results-survey-forsyth-county-schools-engageme-please-2010-2015-6567.pdf,"Investing in Innovation (i3) Grantee Results Summary: Forsyth County Schools, EngageME P.L.E.A.S.E. (Development grant, 2010-2015)",wwc-b,"The cited Program Evaluation Group report is not in ERIC, Crossref, or web search, and the only link to it (forsyth.k12.ga.us i3_Forsyth_Impact_Report.pdf) returns 404. Accepted the ED.gov i3 results summary, which names the source as EngageMe P.L.E.A.S.E. Impact Study Results from Program Evaluation Group, University of Georgia, and reproduces its design (school-level RCT, 8 middle and 4 high schools, 2013-14) and sample sizes: middle school ELA 3,839 + 4,020 = 7,859 = n_max and math 3,811 + 3,992 = 7,803 = n_min. This is a summary of the study, not the report itself; flagged for the caller."
778,778-sato-2010,"Sato, E., Rabinowitz, S., Gallagher, C., & Huang, C.-W. (2010). Accommodations for English language learner students: The effect of linguistic modification of math test item sets (NCEE 2009-4079). Washington, DC: National Center for Education Evaluation and Regional Assistance, Institute of Education Sciences, U.S. Department of Education.",wwc,2010,Math,2839,0.15,,ambiguous,"[{""service"": ""eric"", ""external_id"": ""ED523127"", ""title"": ""Message in the \""Body\"": Effects of Simulation in Sentence Production"", ""year"": 2010, ""authors"": ""Sato, Manami"", ""score"": 5}, {""service"": ""eric"", ""external_id"": ""EJ823116"", ""title"": ""Both Motor Prediction and Conceptual Congruency between Preview and Action-Effect Contribute to Explicit Judgment of Agency"", ""year"": 2009, ""authors"": ""Sato, Atsushi"", ""score"": 5}, {""service"": ""eric"", ""external_id"": ""EJ944138"", ""title"": ""Constitution of Form-Orientation: Contributions of Context and Explicit Knowledge to Learning from Recasts"", ""year"": 2011, ""authors"": ""Sato, Masatoshi"", ""score"": 5}, {""service"": ""eric"", ""external_id"": ""ED528480"", ""title"": ""When Worlds Collide: Evaluating the Impact of Short-Term Study Abroad Programs"", ""year"": 2009, ""authors"": ""Sato, Deirdre Colby"", ""score"": 5}, {""service"": ""eric"", ""external_id"": ""EJ873692"", ""title"": ""\""In Situ\"" Observation of a Soap-Film Catenoid--A Simple Educational Physics Experiment"", ""year"": 2010, ""authors"": ""Ito, Masato; Sato, Taku"", ""score"": 5}]",eric,ED510556,Accommodations for English Language Learner Students: The Effect of Linguistic Modification of Math Test Item Sets. Final Report. NCEE 2009-4079,wwc-b,"Exact title and NCEE number, ERIC year 2010, authors Sato, Rabinowitz, Gallagher, Huang; middle school math item study (Math). Sample size not stated in the ERIC abstract; n_max 2839 not directly checked. Full text at files.eric.ed.gov/fulltext/ED510556.pdf."
794,794-schoen-2018,"Schoen, R. C., LaVenia, M., & Tazaz, A. M. (2018). Effects of the first year of a three-year CGI teacher professional development program on grades 3–5 student achievement: A multisite cluster-randomized trial.  (Research Report No. 2018-25). Tallahassee, FL: Learning Systems Institute, Florida State University.",wwc,2018,Math,1683,0.13,,ambiguous,"[{""service"": ""crossref"", ""external_id"": ""10.33009/fsu.1562595733"", ""title"": ""Effects of the first year of a three-year CGI teacher professional-development program on grades 3–5 student achievement: A multisite cluster-randomized trial"", ""year"": 2018, ""authors"": ""Schoen; LaVenia; Tazaz"", ""score"": 9}, {""service"": ""eric"", ""external_id"": ""ED613873"", ""title"": ""Effects of a Cognitively Guided Instruction Program on Grades 3-5 Students: A Multisite Cluster-Randomized Trial"", ""year"": 2019, ""authors"": ""Schoen, Robert; LaVenia, Mark; Tazaz, Amanda"", ""score"": 9}, {""service"": ""crossref"", ""external_id"": ""10.1086/732783"", ""title"": ""Effects of a Mathematics Teacher Professional Development Program on Grades 3–5 Student Achievement"", ""year"": 2024, ""authors"": ""Schoen; LaVenia; Tazaz; Gersten; Smolkowski"", ""score"": 8}, {""service"": ""eric"", ""external_id"": ""EJ1243140"", ""title"": ""Teacher Beliefs about Mathematics Teaching and Learning: Identifying and Clarifying Three Constructs"", ""year"": 2019, ""authors"": ""Schoen, Robert C.; LaVenia, Mark"", ""score"": 7}, {""service"": ""crossref"", ""external_id"": ""10.33009/fsu.1601237075"", ""title"": ""Replicating the CGI Experiment in Diverse Environments: Effects on Grade 1 and 2 Student Mathematics Achievement in the First Program Year"", ""year"": 2020, ""authors"": ""Schoen; LaVenia; Tazaz; Farina; Dixon; Secada"", ""score"": 6}]",crossref,10.33009/fsu.1562595733,Effects of the first year of a three-year CGI teacher professional-development program on grades 3-5 student achievement: A multisite cluster-randomized trial,wwc-b,"Exact title, 2018, Schoen, LaVenia, Tazaz, FSU research report DOI (resolves to diginole.lib.fsu.edu/islandora/object/fsu:684415); grades 3-5 mathematics (Math). ERIC ED613873 is the 2019 AERA paper of the same study and 10.1086/732783 the 2024 journal version; Kraft cites the 2018 report. n_max 1683 not directly checked because the DOI landing page blocks curl."
926,926-tuttle-2015,"Tuttle, C. C., Gleason, P., Knechtel, V., Nichols-Barrer, I., Booker, K., Chojnacki, G., ... Goble, L. (2015). Understanding the effect of KIPP as it scales: Volume I, Impacts on achievement and other outcomes. Final report of KIPP’s Investing in Innovation grant evaluation [Middle School; RCT]. Washington, DC: Mathematica Policy Research.",wwc,2015,Math;Reading,608,0.24;0.10;0.03,,low-margin,"[{""service"": ""eric"", ""external_id"": ""ED567594"", ""title"": ""Do Charter School Networks Deflate as They Expand? Trends in the Impacts of KIPP Schools during a Period of Rapid Growth in the KIPP Network"", ""year"": 2016, ""authors"": ""Nichols-Barrer, Ira; Gleason, Phil; Tuttle, Christina; Coen, Thomas; Knechtel, Virginia"", ""score"": 8}, {""service"": ""crossref"", ""external_id"": ""10.1162/edfp_a_00119"", ""title"": ""Do KIPP Schools Boost Student Achievement?"", ""year"": 2014, ""authors"": ""Gleason; Tuttle; Gill; Nichols-Barrer; Teh"", ""score"": 7}, {""service"": ""crossref"", ""external_id"": ""10.3102/0162373714564215"", ""title"": ""Student Selection, Attrition, and Replacement in KIPP Middle Schools"", ""year"": 2016, ""authors"": ""Nichols-Barrer; Gleason; Gill; Tuttle"", ""score"": 7}, {""service"": ""eric"", ""external_id"": ""EJ1039347"", ""title"": ""Does Student Attrition Explain KIPP&apos;s Success?"", ""year"": 2014, ""authors"": ""Nichols-Barrer, Ira; Gill, Brian P.; Gleason, Philip; Tuttle, Christina Clark"", ""score"": 7}, {""service"": ""eric"", ""external_id"": ""EJ1084494"", ""title"": ""Do Charter Schools Improve Student Achievement?"", ""year"": 2015, ""authors"": ""Melissa A. Clark; Philip M. Gleason; Christina Clark Tuttle; Marsha K. Silverberg"", ""score"": 6}]",eric,ED560079,"Understanding the Effect of KIPP as It Scales: Volume I, Impacts on Achievement and Other Outcomes. Final Report of KIPP's Investing in Innovation Grant Evaluation",wwc-b,"Exact title, 2015, authors Tuttle, Gleason, Knechtel, Nichols-Barrer, Booker, Chojnacki, Coen, Goble; the full report states 608 students in the lottery-based middle school sample, matching n_max 608 and Kraft's [Middle School; RCT] tag. ED560080 is the executive summary and ED581456 is Volume II; not chosen. Full text at files.eric.ed.gov/fulltext/ED560079.pdf."
960,960-vaughn-2013,"Vaughn, S., Swanson, E. A., Roberts, G., Wanzek, J., Stillman-Spisak, S. J., Solis, M., & Simmons, D. (2013). Improving reading comprehension and social studies knowledge in middle school. Reading Research Quarterly, 48(1) 77&ndash;93.",wwc,2013,Reading,339,0.35;0.21,,low-margin,"[{""service"": ""crossref"", ""external_id"": ""10.1002/rrq.039"", ""title"": ""Improving Reading Comprehension and Social Studies Knowledge in Middle School"", ""year"": 2013, ""authors"": ""Vaughn; Swanson; Roberts; Wanzek; Stillman‐Spisak; Solis; Simmons"", ""score"": 13}, {""service"": ""crossref"", ""external_id"": ""10.1007/s10648-014-9274-2"", ""title"": ""Improving Middle-School Students’ Knowledge and Comprehension in Social Studies: a Replication"", ""year"": 2014, ""authors"": ""Vaughn; Roberts; Swanson; Wanzek; Fall; Stillman-Spisak"", ""score"": 12}, {""service"": ""crossref"", ""external_id"": ""10.1080/10573569.2014.910718"", ""title"": ""Literacy and Text Reading in Middle and High School Social Studies and English Language Arts Classrooms"", ""year"": 2015, ""authors"": ""Swanson; Wanzek; McCulley; Stillman-Spisak; Vaughn; Simmons; Fogarty; Hairrell"", ""score"": 7}, {""service"": ""crossref"", ""external_id"": ""10.1080/10573569.2015.1072068"", ""title"": ""Middle School Reading Comprehension and Content Learning Intervention for Below-Average Readers"", ""year"": 2016, ""authors"": ""Swanson; Wanzek; Vaughn; Fall; Roberts; Hall; Miller"", ""score"": 7}, {""service"": ""eric"", ""external_id"": ""EJ1032212"", ""title"": ""Aligning Visions: Striking a Balance between Personal Convictions for Teaching and Instructional Goals"", ""year"": 2014, ""authors"": ""Vaughn, Margaret"", ""score"": 5}]",crossref,10.1002/rrq.039,Improving Reading Comprehension and Social Studies Knowledge in Middle School,wwc-b,"Exact title, Reading Research Quarterly 2013, all seven surnames match; ERIC record for the same article is EJ996121 and the WWC single study review is ED544200, which gives analysis samples of 203 to 218 treatment and 119 to 126 comparison students (322 to 344), matching Kraft n 322 to 339 (Reading). The 2014 replication (10.1007/s10648-014-9274-2) is a different study."
1028,1028-young-2017,"Young, V., Schmidt, R., Wang, H., Cassidy, L., & Laguarda, K. (2017). A comprehensive model of teacher induction: Implementation and impact on teachers and students. Evaluation of the New Teacher Center’s i3 validation grant, final report. Menlo Park, CA: SRI International. https://www.sri.com/publication/a-comprehensive-model-of-teacher-induction-implementation-and-impact-on-teachers-and-students-evaluation-of-the-new-teacher-centers-i3-validation-grant-final-report/",wwc,2017,Math,6147,0.15;0.09,,low-margin,"[{""service"": ""eric"", ""external_id"": ""EJ1208593"", ""title"": ""We Can Achieve if We Receive: Examining the Effects of Out-of-School Time Activities on Black Student Achievement in Mathematics"", ""year"": 2018, ""authors"": ""Young, Jamaal; Young, Jemimah Lea"", ""score"": 6}, {""service"": ""eric"", ""external_id"": ""EJ1169076"", ""title"": ""The Structural Relationship between Out-of-School Time Enrichment and Black Student Participation in Advanced Science"", ""year"": 2018, ""authors"": ""Young, Jamaal; Young, Jemimah"", ""score"": 5}, {""service"": ""eric"", ""external_id"": ""ED670309"", ""title"": ""1:1 Laptops in Education and Achievement Test Results in One Rural High School"", ""year"": 2017, ""authors"": ""William Young"", ""score"": 5}, {""service"": ""eric"", ""external_id"": ""EJ1124356"", ""title"": ""Knowledge, Experts and Accountability in School Governing Bodies"", ""year"": 2017, ""authors"": ""Young, Helen"", ""score"": 5}, {""service"": ""eric"", ""external_id"": ""EJ1112960"", ""title"": ""Toy Pigs Teach Statistics"", ""year"": 2016, ""authors"": ""Young, Lanee"", ""score"": 5}]",web,https://www.sri.com/publication/education-learning-pubs/teaching-quality-pubs/a-comprehensive-model-of-teacher-induction-implementation-and-impact-on-teachers-and-students-evaluation-of-the-new-teacher-centers-i3-validation-grant-final-report/,"A Comprehensive Model of Teacher Induction: Implementation and Impact on Teachers and Students. Evaluation of the New Teacher Center's i3 Validation Grant, Final Report",wwc-b,"Not in ERIC or Crossref. Kraft's SRI URL redirects (301) to this page; the full report PDF (December 2017, Young, Schmidt, Wang, Cassidy, Laguarda; also at newteachercenter.org/wp-content/uploads/2024/10/NTC-i3-Validation-Comprehensive-Report-Final.pdf) reports impact samples of 6,147 students for ELA (ES 0.09) and 4,972 for math (ES 0.15), matching n_max 6147, n_min 4972, and es_list. Note Kraft tags the subject as Math only although the 6,147 sample is the ELA analysis."
